{
  "eval_type_id": "scr",
  "eval_config": {
    "random_seed": 42,
    "dataset_names": [
      "LabHC/bias_in_bios_class_set1",
      "canrager/amazon_reviews_mcauley_1and5"
    ],
    "perform_scr": true,
    "early_stopping_patience": 20,
    "train_set_size": 4000,
    "test_set_size": 1000,
    "context_length": 128,
    "probe_train_batch_size": 16,
    "probe_test_batch_size": 500,
    "probe_epochs": 20,
    "probe_lr": 0.001,
    "probe_l1_penalty": 0.001,
    "sae_batch_size": 125,
    "llm_batch_size": 1,
    "llm_dtype": "torch.bfloat16",
    "lower_vram_usage": false,
    "model_name": "google/gemma-2-2b",
    "n_values": [
      2,
      5,
      10,
      20,
      50,
      100,
      500
    ],
    "column1_vals_lookup": {
      "LabHC/bias_in_bios_class_set1": [
        [
          "professor",
          "nurse"
        ],
        [
          "architect",
          "journalist"
        ],
        [
          "surgeon",
          "psychologist"
        ],
        [
          "attorney",
          "teacher"
        ]
      ],
      "canrager/amazon_reviews_mcauley_1and5": [
        [
          "Books",
          "CDs_and_Vinyl"
        ],
        [
          "Software",
          "Electronics"
        ],
        [
          "Pet_Supplies",
          "Office_Products"
        ],
        [
          "Industrial_and_Scientific",
          "Toys_and_Games"
        ]
      ]
    }
  },
  "eval_id": "cc190b59-aaff-40fa-9eb3-f3b755001839",
  "datetime_epoch_millis": 1755488528247,
  "eval_result_metrics": {
    "scr_metrics": {
      "scr_dir1_threshold_2": 0.10091291175373618,
      "scr_metric_threshold_2": 0.05508526492649328,
      "scr_dir2_threshold_2": 0.05508526492649328,
      "scr_dir1_threshold_5": 0.2655884888288992,
      "scr_metric_threshold_5": 0.1027655228907364,
      "scr_dir2_threshold_5": 0.1027655228907364,
      "scr_dir1_threshold_10": 0.28475776906291045,
      "scr_metric_threshold_10": 0.16168986505854185,
      "scr_dir2_threshold_10": 0.16168986505854185,
      "scr_dir1_threshold_20": 0.2740590516215608,
      "scr_metric_threshold_20": 0.22217276893317525,
      "scr_dir2_threshold_20": 0.22217276893317525,
      "scr_dir1_threshold_50": 0.29611826621873377,
      "scr_metric_threshold_50": 0.30557826047152087,
      "scr_dir2_threshold_50": 0.30557826047152087,
      "scr_dir1_threshold_100": 0.27837648091384226,
      "scr_metric_threshold_100": 0.3642936000189171,
      "scr_dir2_threshold_100": 0.3642936000189171,
      "scr_dir1_threshold_500": 0.1549073593171048,
      "scr_metric_threshold_500": 0.506655167866121,
      "scr_dir2_threshold_500": 0.506655167866121
    }
  },
  "eval_result_details": [
    {
      "dataset_name": "LabHC/bias_in_bios_class_set1_scr_professor_nurse_results",
      "scr_dir1_threshold_2": 0.23214283813629227,
      "scr_metric_threshold_2": 0.021791776290628215,
      "scr_dir2_threshold_2": 0.021791776290628215,
      "scr_dir1_threshold_5": 0.5178574279556158,
      "scr_metric_threshold_5": 0.04116227617589288,
      "scr_dir2_threshold_5": 0.04116227617589288,
      "scr_dir1_threshold_10": 0.5535712194992151,
      "scr_metric_threshold_10": 0.046004828986619985,
      "scr_dir2_threshold_10": 0.046004828986619985,
      "scr_dir1_threshold_20": 0.5714281152710146,
      "scr_metric_threshold_20": 0.07506057881451698,
      "scr_dir2_threshold_20": 0.07506057881451698,
      "scr_dir1_threshold_50": 0.5892860754104468,
      "scr_metric_threshold_50": 0.11380143426386818,
      "scr_dir2_threshold_50": 0.11380143426386818,
      "scr_dir1_threshold_100": 0.5535712194992151,
      "scr_metric_threshold_100": 0.14527846049712873,
      "scr_dir2_threshold_100": 0.14527846049712873,
      "scr_dir1_threshold_500": 0.08928554322663047,
      "scr_metric_threshold_500": 0.20096853942638104,
      "scr_dir2_threshold_500": 0.20096853942638104
    },
    {
      "dataset_name": "LabHC/bias_in_bios_class_set1_scr_architect_journalist_results",
      "scr_dir1_threshold_2": 0.16822437195083229,
      "scr_metric_threshold_2": 0.06936412699785371,
      "scr_dir2_threshold_2": 0.06936412699785371,
      "scr_dir1_threshold_5": 0.448597953833693,
      "scr_metric_threshold_5": 0.13872842626345908,
      "scr_dir2_threshold_5": 0.13872842626345908,
      "scr_dir1_threshold_10": 0.4018690235198829,
      "scr_metric_threshold_10": 0.23699425848810585,
      "scr_dir2_threshold_10": 0.23699425848810585,
      "scr_dir1_threshold_20": 0.42056037282429104,
      "scr_metric_threshold_20": 0.3034682494168306,
      "scr_dir2_threshold_20": 0.3034682494168306,
      "scr_dir1_threshold_50": 0.31775683754446676,
      "scr_metric_threshold_50": 0.4248555147300125,
      "scr_dir2_threshold_50": 0.4248555147300125,
      "scr_dir1_threshold_100": 0.2897192565350648,
      "scr_metric_threshold_100": 0.5462427800431944,
      "scr_dir2_threshold_100": 0.5462427800431944,
      "scr_dir1_threshold_500": 0.2897192565350648,
      "scr_metric_threshold_500": 0.7832370385313002,
      "scr_dir2_threshold_500": 0.7832370385313002
    },
    {
      "dataset_name": "LabHC/bias_in_bios_class_set1_scr_surgeon_psychologist_results",
      "scr_dir1_threshold_2": 0.34090899854645845,
      "scr_metric_threshold_2": 0.031553421233775455,
      "scr_dir2_threshold_2": 0.031553421233775455,
      "scr_dir1_threshold_5": 0.6363640058141662,
      "scr_metric_threshold_5": 0.1140776312770409,
      "scr_dir2_threshold_5": 0.1140776312770409,
      "scr_dir1_threshold_10": 0.6363640058141662,
      "scr_metric_threshold_10": 0.1650485647579777,
      "scr_dir2_threshold_10": 0.1650485647579777,
      "scr_dir1_threshold_20": 0.47727232703465333,
      "scr_metric_threshold_20": 0.23300971295159553,
      "scr_dir2_threshold_20": 0.23300971295159553,
      "scr_dir1_threshold_50": 0.49999932267402875,
      "scr_metric_threshold_50": 0.2791261960350186,
      "scr_dir2_threshold_50": 0.2791261960350186,
      "scr_dir1_threshold_100": 0.43181833575590256,
      "scr_metric_threshold_100": 0.30582531154272713,
      "scr_dir2_threshold_100": 0.30582531154272713,
      "scr_dir1_threshold_500": 0.29545365261576517,
      "scr_metric_threshold_500": 0.3786407654624119,
      "scr_dir2_threshold_500": 0.3786407654624119
    },
    {
      "dataset_name": "LabHC/bias_in_bios_class_set1_scr_attorney_teacher_results",
      "scr_dir1_threshold_2": -0.22764231582038547,
      "scr_metric_threshold_2": 0.06725146606508967,
      "scr_dir2_threshold_2": 0.06725146606508967,
      "scr_dir1_threshold_5": 0.1869919368946553,
      "scr_metric_threshold_5": 0.10818713348372759,
      "scr_dir2_threshold_5": 0.10818713348372759,
      "scr_dir1_threshold_10": 0.14634155796892515,
      "scr_metric_threshold_10": 0.17836253844673786,
      "scr_dir2_threshold_10": 0.17836253844673786,
      "scr_dir1_threshold_20": 0.07317077898446257,
      "scr_metric_threshold_20": 0.23099413573964134,
      "scr_dir2_threshold_20": 0.23099413573964134,
      "scr_dir1_threshold_50": 0.07317077898446257,
      "scr_metric_threshold_50": 0.3099415316789966,
      "scr_dir2_threshold_50": 0.3099415316789966,
      "scr_dir1_threshold_100": 0.03251991546799109,
      "scr_metric_threshold_100": 0.3976607443121136,
      "scr_dir2_threshold_100": 0.3976607443121136,
      "scr_dir1_threshold_500": -0.34959393718831727,
      "scr_metric_threshold_500": 0.49415194792157563,
      "scr_dir2_threshold_500": 0.49415194792157563
    },
    {
      "dataset_name": "canrager/amazon_reviews_mcauley_1and5_scr_Books_CDs_and_Vinyl_results",
      "scr_dir1_threshold_2": 0.04575143538116197,
      "scr_metric_threshold_2": 0.1323529830698713,
      "scr_dir2_threshold_2": 0.1323529830698713,
      "scr_dir1_threshold_5": 0.026143844320456393,
      "scr_metric_threshold_5": 0.21691158988149853,
      "scr_dir2_threshold_5": 0.21691158988149853,
      "scr_dir1_threshold_10": 0.032679708007358255,