{
  "eval_type_id": "scr",
  "eval_config": {
    "random_seed": 42,
    "dataset_names": [
      "LabHC/bias_in_bios_class_set1",
      "canrager/amazon_reviews_mcauley_1and5"
    ],
    "perform_scr": true,
    "early_stopping_patience": 20,
    "train_set_size": 4000,
    "test_set_size": 1000,
    "context_length": 128,
    "probe_train_batch_size": 16,
    "probe_test_batch_size": 500,
    "probe_epochs": 20,
    "probe_lr": 0.001,
    "probe_l1_penalty": 0.001,
    "sae_batch_size": 125,
    "llm_batch_size": 1,
    "llm_dtype": "torch.bfloat16",
    "lower_vram_usage": false,
    "model_name": "google/gemma-2-2b",
    "n_values": [
      2,
      5,
      10,
      20,
      50,
      100,
      500
    ],
    "column1_vals_lookup": {
      "LabHC/bias_in_bios_class_set1": [
        [
          "professor",
          "nurse"
        ],
        [
          "architect",
          "journalist"
        ],
        [
          "surgeon",
          "psychologist"
        ],
        [
          "attorney",
          "teacher"
        ]
      ],
      "canrager/amazon_reviews_mcauley_1and5": [
        [
          "Books",
          "CDs_and_Vinyl"
        ],
        [
          "Software",
          "Electronics"
        ],
        [
          "Pet_Supplies",
          "Office_Products"
        ],
        [
          "Industrial_and_Scientific",
          "Toys_and_Games"
        ]
      ]
    }
  },
  "eval_id": "1b830b47-1c00-45a3-ae92-085c4409b5b5",
  "datetime_epoch_millis": 1757585480232,
  "eval_result_metrics": {
    "scr_metrics": {
      "scr_dir1_threshold_2": 0.19176166935122893,
      "scr_metric_threshold_2": 0.044126004111016595,
      "scr_dir2_threshold_2": 0.044126004111016595,
      "scr_dir1_threshold_5": 0.3696699167293721,
      "scr_metric_threshold_5": 0.09399294087301996,
      "scr_dir2_threshold_5": 0.09399294087301996,
      "scr_dir1_threshold_10": 0.3659392523238789,
      "scr_metric_threshold_10": 0.15921341525466018,
      "scr_dir2_threshold_10": 0.15921341525466018,
      "scr_dir1_threshold_20": 0.3880407391811712,
      "scr_metric_threshold_20": 0.21637390461767597,
      "scr_dir2_threshold_20": 0.21637390461767597,
      "scr_dir1_threshold_50": 0.35772248467998036,
      "scr_metric_threshold_50": 0.29472817556101394,
      "scr_dir2_threshold_50": 0.29472817556101394,
      "scr_dir1_threshold_100": 0.3215457613523258,
      "scr_metric_threshold_100": 0.35546208990119704,
      "scr_dir2_threshold_100": 0.35546208990119704,
      "scr_dir1_threshold_500": 0.3034990699755832,
      "scr_metric_threshold_500": 0.48169737135476043,
      "scr_dir2_threshold_500": 0.48169737135476043
    }
  },
  "eval_result_details": [
    {
      "dataset_name": "LabHC/bias_in_bios_class_set1_scr_professor_nurse_results",
      "scr_dir1_threshold_2": 0.3571432372741545,
      "scr_metric_threshold_2": 0.02663432910135532,
      "scr_dir2_threshold_2": 0.02663432910135532,
      "scr_dir1_threshold_5": 0.6607136584976451,
      "scr_metric_threshold_5": 0.03631957904398765,
      "scr_dir2_threshold_5": 0.03631957904398765,
      "scr_dir1_threshold_10": 0.6607136584976451,
      "scr_metric_threshold_10": 0.03874085544935121,
      "scr_dir2_threshold_10": 0.03874085544935121,
      "scr_dir1_threshold_20": 0.6785716186370773,
      "scr_metric_threshold_20": 0.0726391580879753,
      "scr_dir2_threshold_20": 0.0726391580879753,
      "scr_dir1_threshold_50": 0.6785716186370773,
      "scr_metric_threshold_50": 0.10411618432123586,
      "scr_dir2_threshold_50": 0.10411618432123586,
      "scr_dir1_threshold_100": 0.6071429711822464,
      "scr_metric_threshold_100": 0.1307506577437693,
      "scr_dir2_threshold_100": 0.1307506577437693,
      "scr_dir1_threshold_500": 0.16071419068146137,
      "scr_metric_threshold_500": 0.19370456588911228,
      "scr_dir2_threshold_500": 0.19370456588911228
    },
    {
      "dataset_name": "LabHC/bias_in_bios_class_set1_scr_architect_journalist_results",
      "scr_dir1_threshold_2": 0.47663553484309495,
      "scr_metric_threshold_2": 0.046242866177070234,
      "scr_dir2_threshold_2": 0.046242866177070234,
      "scr_dir1_threshold_5": 0.6915888371077373,
      "scr_metric_threshold_5": 0.11560699317492394,
      "scr_dir2_threshold_5": 0.11560699317492394,
      "scr_dir1_threshold_10": 0.6728969307505395,
      "scr_metric_threshold_10": 0.20231210885530318,
      "scr_dir2_threshold_10": 0.20231210885530318,
      "scr_dir1_threshold_20": 0.7102801864121455,
      "scr_metric_threshold_20": 0.26589596371489893,
      "scr_dir2_threshold_20": 0.26589596371489893,
      "scr_dir1_threshold_50": 0.6915888371077373,
      "scr_metric_threshold_50": 0.44508681174941866,
      "scr_dir2_threshold_50": 0.44508681174941866,
      "scr_dir1_threshold_100": 0.6355136750889335,
      "scr_metric_threshold_100": 0.528901791360669,
      "scr_dir2_threshold_100": 0.528901791360669,
      "scr_dir1_threshold_500": 0.7009345117599415,
      "scr_metric_threshold_500": 0.734104036285101,
      "scr_dir2_threshold_500": 0.734104036285101
    },
    {
      "dataset_name": "LabHC/bias_in_bios_class_set1_scr_surgeon_psychologist_results",
      "scr_dir1_threshold_2": 0.34090899854645845,
      "scr_metric_threshold_2": 0.04126217735735612,
      "scr_dir2_threshold_2": 0.04126217735735612,
      "scr_dir1_threshold_5": 0.7272719883716677,
      "scr_metric_threshold_5": 0.08252435471471224,
      "scr_dir2_threshold_5": 0.08252435471471224,
      "scr_dir1_threshold_10": 0.7500003386629857,
      "scr_metric_threshold_10": 0.1771844737445918,
      "scr_dir2_threshold_10": 0.1771844737445918,
      "scr_dir1_threshold_20": 0.7727273343023611,
      "scr_metric_threshold_20": 0.21116504784140075,
      "scr_dir2_threshold_20": 0.21116504784140075,
      "scr_dir1_threshold_50": 0.40908998546458464,
      "scr_metric_threshold_50": 0.2718447374459182,
      "scr_dir2_threshold_50": 0.2718447374459182,
      "scr_dir1_threshold_100": 0.36363599418583387,
      "scr_metric_threshold_100": 0.3179612205293412,
      "scr_dir2_threshold_100": 0.3179612205293412,
      "scr_dir1_threshold_500": 0.545454668604722,
      "scr_metric_threshold_500": 0.3543689474891836,
      "scr_dir2_threshold_500": 0.3543689474891836
    },
    {
      "dataset_name": "LabHC/bias_in_bios_class_set1_scr_attorney_teacher_results",
      "scr_dir1_threshold_2": 0.008129978866997772,
      "scr_metric_threshold_2": 0.03508761534021355,
      "scr_dir2_threshold_2": 0.03508761534021355,
      "scr_dir1_threshold_5": 0.36585341033157154,
      "scr_metric_threshold_5": 0.096491203609462,
      "scr_dir2_threshold_5": 0.096491203609462,
      "scr_dir1_threshold_10": 0.32520303140584134,
      "scr_metric_threshold_10": 0.14619868772186173,
      "scr_dir2_threshold_10": 0.14619868772186173,
      "scr_dir1_threshold_20": 0.33333349486358044,
      "scr_metric_threshold_20": 0.22807002255913755,
      "scr_dir2_threshold_20": 0.22807002255913755,
      "scr_dir1_threshold_50": 0.32520303140584134,
      "scr_metric_threshold_50": 0.3070174184984928,
      "scr_dir2_threshold_50": 0.3070174184984928,
      "scr_dir1_threshold_100": 0.19512191576165308,
      "scr_metric_threshold_100": 0.38888875333576867,
      "scr_dir2_threshold_100": 0.38888875333576867,
      "scr_dir1_threshold_500": 0.024389936600993315,
      "scr_metric_threshold_500": 0.5906431515310376,
      "scr_dir2_threshold_500": 0.5906431515310376
    },
    {
      "dataset_name": "canrager/amazon_reviews_mcauley_1and5_scr_Books_CDs_and_Vinyl_results",
      "scr_dir1_threshold_2": 0.032679708007358255,
      "scr_metric_threshold_2": 0.10661758341308011,
      "scr_dir2_threshold_2": 0.10661758341308011,
      "scr_dir1_threshold_5": 0.019607980633554532,
      "scr_metric_threshold_5": 0.18382356324874222,
      "scr_dir2_threshold_5": 0.18382356324874222,
      "scr_dir1_threshold_10": 0.019607980633554532,
      "scr_metric_threshold_10": 0.3088234810732254,