{
  "eval_type_id": "scr",
  "eval_config": {
    "random_seed": 42,
    "dataset_names": [
      "LabHC/bias_in_bios_class_set1",
      "canrager/amazon_reviews_mcauley_1and5"
    ],
    "perform_scr": true,
    "early_stopping_patience": 20,
    "train_set_size": 4000,
    "test_set_size": 1000,
    "context_length": 128,
    "probe_train_batch_size": 16,
    "probe_test_batch_size": 500,
    "probe_epochs": 20,
    "probe_lr": 0.001,
    "probe_l1_penalty": 0.001,
    "sae_batch_size": 125,
    "llm_batch_size": 1,
    "llm_dtype": "torch.bfloat16",
    "lower_vram_usage": false,
    "model_name": "google/gemma-2-2b",
    "n_values": [
      2,
      5,
      10,
      20,
      50,
      100,
      500
    ],
    "column1_vals_lookup": {
      "LabHC/bias_in_bios_class_set1": [
        [
          "professor",
          "nurse"
        ],
        [
          "architect",
          "journalist"
        ],
        [
          "surgeon",
          "psychologist"
        ],
        [
          "attorney",
          "teacher"
        ]
      ],
      "canrager/amazon_reviews_mcauley_1and5": [
        [
          "Books",
          "CDs_and_Vinyl"
        ],
        [
          "Software",
          "Electronics"
        ],
        [
          "Pet_Supplies",
          "Office_Products"
        ],
        [
          "Industrial_and_Scientific",
          "Toys_and_Games"
        ]
      ]
    }
  },
  "eval_id": "085baf7a-0616-48dd-a912-916efd9a3205",
  "datetime_epoch_millis": 1759507171732,
  "eval_result_metrics": {
    "scr_metrics": {
      "scr_dir1_threshold_2": 0.2846882431729066,
      "scr_metric_threshold_2": 0.08119174725175386,
      "scr_dir2_threshold_2": 0.08119174725175386,
      "scr_dir1_threshold_5": 0.31549532911115974,
      "scr_metric_threshold_5": 0.18094203089295088,
      "scr_dir2_threshold_5": 0.18094203089295088,
      "scr_dir1_threshold_10": 0.3311316667170624,
      "scr_metric_threshold_10": 0.24534918817545756,
      "scr_dir2_threshold_10": 0.24534918817545756,
      "scr_dir1_threshold_20": 0.28348841774776545,
      "scr_metric_threshold_20": 0.3180052339269033,
      "scr_dir2_threshold_20": 0.3180052339269033,
      "scr_dir1_threshold_50": 0.28698994234383857,
      "scr_metric_threshold_50": 0.39851166752613876,
      "scr_dir2_threshold_50": 0.39851166752613876,
      "scr_dir1_threshold_100": 0.23519805084905948,
      "scr_metric_threshold_100": 0.468254915176363,
      "scr_dir2_threshold_100": 0.468254915176363,
      "scr_dir1_threshold_500": 0.15165235286938866,
      "scr_metric_threshold_500": 0.5054185197073434,
      "scr_dir2_threshold_500": 0.5054185197073434
    }
  },
  "eval_result_details": [
    {
      "dataset_name": "LabHC/bias_in_bios_class_set1_scr_professor_nurse_results",
      "scr_dir1_threshold_2": 0.5535712194992151,
      "scr_metric_threshold_2": 0.021791776290628215,
      "scr_dir2_threshold_2": 0.021791776290628215,
      "scr_dir1_threshold_5": 0.624999866954046,
      "scr_metric_threshold_5": 0.046004828986619985,
      "scr_dir2_threshold_5": 0.046004828986619985,
      "scr_dir1_threshold_10": 0.6428567627258455,
      "scr_metric_threshold_10": 0.05569007892925232,
      "scr_dir2_threshold_10": 0.05569007892925232,
      "scr_dir1_threshold_20": 0.624999866954046,
      "scr_metric_threshold_20": 0.08958838156787642,
      "scr_dir2_threshold_20": 0.08958838156787642,
      "scr_dir1_threshold_50": 0.6071429711822464,
      "scr_metric_threshold_50": 0.15012101330785582,
      "scr_dir2_threshold_50": 0.15012101330785582,
      "scr_dir1_threshold_100": 0.4285718847289854,
      "scr_metric_threshold_100": 0.17917676313575284,
      "scr_dir2_threshold_100": 0.17917676313575284,
      "scr_dir1_threshold_500": 0.14285729490966179,
      "scr_metric_threshold_500": 0.35108955273423686,
      "scr_dir2_threshold_500": 0.35108955273423686
    },
    {
      "dataset_name": "LabHC/bias_in_bios_class_set1_scr_architect_journalist_results",
      "scr_dir1_threshold_2": 0.6448599067939272,
      "scr_metric_threshold_2": 0.11271685710579496,
      "scr_dir2_threshold_2": 0.11271685710579496,
      "scr_dir1_threshold_5": 0.6261680004367294,
      "scr_metric_threshold_5": 0.2254335419438383,
      "scr_dir2_threshold_5": 0.2254335419438383,
      "scr_dir1_threshold_10": 0.7009345117599415,
      "scr_metric_threshold_10": 0.3236995464362367,
      "scr_dir2_threshold_10": 0.3236995464362367,
      "scr_dir1_threshold_20": 0.6822426054027436,
      "scr_metric_threshold_20": 0.41329479818574494,
      "scr_dir2_threshold_20": 0.41329479818574494,
      "scr_dir1_threshold_50": 0.6728969307505395,
      "scr_metric_threshold_50": 0.586705201814255,
      "scr_dir2_threshold_50": 0.586705201814255,
      "scr_dir1_threshold_100": 0.5981309764801171,
      "scr_metric_threshold_100": 0.7138729115334466,
      "scr_dir2_threshold_100": 0.7138729115334466,
      "scr_dir1_threshold_500": 0.3364481868488749,
      "scr_metric_threshold_500": 0.7890173106695583,
      "scr_dir2_threshold_500": 0.7890173106695583
    },
    {
      "dataset_name": "LabHC/bias_in_bios_class_set1_scr_surgeon_psychologist_results",
      "scr_dir1_threshold_2": 0.49999932267402875,
      "scr_metric_threshold_2": 0.029126268370741993,
      "scr_dir2_threshold_2": 0.029126268370741993,
      "scr_dir1_threshold_5": 0.6818179970929169,
      "scr_metric_threshold_5": 0.22330095682801487,
      "scr_dir2_threshold_5": 0.22330095682801487,
      "scr_dir1_threshold_10": 0.6136356555228483,
      "scr_metric_threshold_10": 0.2888349521585993,
      "scr_dir2_threshold_10": 0.2888349521585993,
      "scr_dir1_threshold_20": -0.0227283502913179,
      "scr_metric_threshold_20": 0.344660191365603,
      "scr_dir2_threshold_20": 0.344660191365603,
      "scr_dir1_threshold_50": 0.1136363328488195,
      "scr_metric_threshold_50": 0.3713591622018647,
      "scr_dir2_threshold_50": 0.3713591622018647,
      "scr_dir1_threshold_100": -0.0909093372094441,
      "scr_metric_threshold_100": 0.41019418669618735,
      "scr_dir2_threshold_100": 0.41019418669618735,
      "scr_dir1_threshold_500": 0.13636332848819488,
      "scr_metric_threshold_500": 0.1504855029083301,
      "scr_dir2_threshold_500": 0.1504855029083301
    },
    {
      "dataset_name": "LabHC/bias_in_bios_class_set1_scr_attorney_teacher_results",
      "scr_dir1_threshold_2": 0.3414634737305782,
      "scr_metric_threshold_2": 0.10818713348372759,
      "scr_dir2_threshold_2": 0.10818713348372759,
      "scr_dir1_threshold_5": 0.2764226736131134,
      "scr_metric_threshold_5": 0.2134501537869514,
      "scr_dir2_threshold_5": 0.2134501537869514,
      "scr_dir1_threshold_10": 0.2845526524801112,
      "scr_metric_threshold_10": 0.27485374205619983,
      "scr_dir2_threshold_10": 0.27485374205619983,
      "scr_dir1_threshold_20": 0.2845526524801112,
      "scr_metric_threshold_20": 0.35380113799555507,
      "scr_dir2_threshold_20": 0.35380113799555507,
      "scr_dir1_threshold_50": 0.33333349486358044,
      "scr_metric_threshold_50": 0.4473684027070965,
      "scr_dir2_threshold_50": 0.4473684027070965,
      "scr_dir1_threshold_100": 0.2764226736131134,
      "scr_metric_threshold_100": 0.5526315972929035,
      "scr_dir2_threshold_100": 0.5526315972929035,
      "scr_dir1_threshold_500": 0.12195113677719051,
      "scr_metric_threshold_500": 0.4532162805029377,
      "scr_dir2_threshold_500": 0.4532162805029377
    },
    {
      "dataset_name": "canrager/amazon_reviews_mcauley_1and5_scr_Books_CDs_and_Vinyl_results",
      "scr_dir1_threshold_2": 0.013071727373803719,
      "scr_metric_threshold_2": 0.18382356324874222,
      "scr_dir2_threshold_2": 0.18382356324874222,
      "scr_dir1_threshold_5": 0.058823552327814645,
      "scr_metric_threshold_5": 0.28676472360648403,
      "scr_dir2_threshold_5": 0.28676472360648403,
      "scr_dir1_threshold_10": 0.06535941601471651,
      "scr_metric_threshold_10": 0.4154410644863055,