{
  "eval_type_id": "scr",
  "eval_config": {
    "random_seed": 42,
    "dataset_names": [
      "LabHC/bias_in_bios_class_set1",
      "canrager/amazon_reviews_mcauley_1and5"
    ],
    "perform_scr": true,
    "early_stopping_patience": 20,
    "train_set_size": 4000,
    "test_set_size": 1000,
    "context_length": 128,
    "probe_train_batch_size": 16,
    "probe_test_batch_size": 500,
    "probe_epochs": 20,
    "probe_lr": 0.001,
    "probe_l1_penalty": 0.001,
    "sae_batch_size": 125,
    "llm_batch_size": 1,
    "llm_dtype": "torch.bfloat16",
    "lower_vram_usage": false,
    "model_name": "google/gemma-2-2b",
    "n_values": [
      2,
      5,
      10,
      20,
      50,
      100,
      500
    ],
    "column1_vals_lookup": {
      "LabHC/bias_in_bios_class_set1": [
        [
          "professor",
          "nurse"
        ],
        [
          "architect",
          "journalist"
        ],
        [
          "surgeon",
          "psychologist"
        ],
        [
          "attorney",
          "teacher"
        ]
      ],
      "canrager/amazon_reviews_mcauley_1and5": [
        [
          "Books",
          "CDs_and_Vinyl"
        ],
        [
          "Software",
          "Electronics"
        ],
        [
          "Pet_Supplies",
          "Office_Products"
        ],
        [
          "Industrial_and_Scientific",
          "Toys_and_Games"
        ]
      ]
    }
  },
  "eval_id": "e40e19e2-512c-4304-900e-6a7fede42e54",
  "datetime_epoch_millis": 1757319154830,
  "eval_result_metrics": {
    "scr_metrics": {
      "scr_dir1_threshold_2": 0.26830438462807815,
      "scr_metric_threshold_2": 0.08573984647927649,
      "scr_dir2_threshold_2": 0.08573984647927649,
      "scr_dir1_threshold_5": 0.3025301531726367,
      "scr_metric_threshold_5": 0.1651227381673423,
      "scr_dir2_threshold_5": 0.1651227381673423,
      "scr_dir1_threshold_10": 0.3001426524488892,
      "scr_metric_threshold_10": 0.24151169424653188,
      "scr_dir2_threshold_10": 0.24151169424653188,
      "scr_dir1_threshold_20": 0.3067789100480295,
      "scr_metric_threshold_20": 0.3070243534351394,
      "scr_dir2_threshold_20": 0.3070243534351394,
      "scr_dir1_threshold_50": 0.2583288153403459,
      "scr_metric_threshold_50": 0.3765946191397538,
      "scr_dir2_threshold_50": 0.3765946191397538,
      "scr_dir1_threshold_100": 0.2293295611033705,
      "scr_metric_threshold_100": 0.45224830182433173,
      "scr_dir2_threshold_100": 0.45224830182433173,
      "scr_dir1_threshold_500": 0.062359486042345966,
      "scr_metric_threshold_500": 0.522057027000168,
      "scr_dir2_threshold_500": 0.522057027000168
    }
  },
  "eval_result_details": [
    {
      "dataset_name": "LabHC/bias_in_bios_class_set1_scr_professor_nurse_results",
      "scr_dir1_threshold_2": 0.46428567627258455,
      "scr_metric_threshold_2": 0.019370499885264663,
      "scr_dir2_threshold_2": 0.019370499885264663,
      "scr_dir1_threshold_5": 0.5535712194992151,
      "scr_metric_threshold_5": 0.05569007892925232,
      "scr_dir2_threshold_5": 0.05569007892925232,
      "scr_dir1_threshold_10": 0.5535712194992151,
      "scr_metric_threshold_10": 0.06537532887188464,
      "scr_dir2_threshold_10": 0.06537532887188464,
      "scr_dir1_threshold_20": 0.5535712194992151,
      "scr_metric_threshold_20": 0.09927363151050875,
      "scr_dir2_threshold_20": 0.09927363151050875,
      "scr_dir1_threshold_50": 0.5357143237274155,
      "scr_metric_threshold_50": 0.16707023678775695,
      "scr_dir2_threshold_50": 0.16707023678775695,
      "scr_dir1_threshold_100": 0.4285718847289854,
      "scr_metric_threshold_100": 0.20581109223710814,
      "scr_dir2_threshold_100": 0.20581109223710814,
      "scr_dir1_threshold_500": -0.28571352545169104,
      "scr_metric_threshold_500": 0.322033947227518,
      "scr_dir2_threshold_500": 0.322033947227518
    },
    {
      "dataset_name": "LabHC/bias_in_bios_class_set1_scr_architect_journalist_results",
      "scr_dir1_threshold_2": 0.5794390701229193,
      "scr_metric_threshold_2": 0.16473999542112316,
      "scr_dir2_threshold_2": 0.16473999542112316,
      "scr_dir1_threshold_5": 0.5794390701229193,
      "scr_metric_threshold_5": 0.27167640812090854,
      "scr_dir2_threshold_5": 0.27167640812090854,
      "scr_dir1_threshold_10": 0.5887847447751233,
      "scr_metric_threshold_10": 0.34104053511876226,
      "scr_dir2_threshold_10": 0.34104053511876226,
      "scr_dir1_threshold_20": 0.5700933954707151,
      "scr_metric_threshold_20": 0.43930636734340905,
      "scr_dir2_threshold_20": 0.43930636734340905,
      "scr_dir1_threshold_50": 0.5514014891135174,
      "scr_metric_threshold_50": 0.5462427800431944,
      "scr_dir2_threshold_50": 0.5462427800431944,
      "scr_dir1_threshold_100": 0.5514014891135174,
      "scr_metric_threshold_100": 0.7196531836717045,
      "scr_dir2_threshold_100": 0.7196531836717045,
      "scr_dir1_threshold_500": 0.31775683754446676,
      "scr_metric_threshold_500": 0.852601165529154,
      "scr_dir2_threshold_500": 0.852601165529154
    },
    {
      "dataset_name": "LabHC/bias_in_bios_class_set1_scr_surgeon_psychologist_results",
      "scr_dir1_threshold_2": 0.47727232703465333,
      "scr_metric_threshold_2": 0.03640772695984239,
      "scr_dir2_threshold_2": 0.03640772695984239,
      "scr_dir1_threshold_5": 0.6590910014535415,
      "scr_metric_threshold_5": 0.1917475355942394,
      "scr_dir2_threshold_5": 0.1917475355942394,
      "scr_dir1_threshold_10": 0.5909086598834729,
      "scr_metric_threshold_10": 0.2936892578846662,
      "scr_dir2_threshold_10": 0.2936892578846662,
      "scr_dir1_threshold_20": 0.3863629898252093,
      "scr_metric_threshold_20": 0.33252428237898884,
      "scr_dir2_threshold_20": 0.33252428237898884,
      "scr_dir1_threshold_50": -0.045455345930693294,
      "scr_metric_threshold_50": 0.36893200933883125,
      "scr_dir2_threshold_50": 0.36893200933883125,
      "scr_dir1_threshold_100": 0.09090798255750158,
      "scr_metric_threshold_100": 0.42475724854583496,
      "scr_dir2_threshold_100": 0.42475724854583496,
      "scr_dir1_threshold_500": -0.3636373488377764,
      "scr_metric_threshold_500": 0.2718447374459182,
      "scr_dir2_threshold_500": 0.2718447374459182
    },
    {
      "dataset_name": "LabHC/bias_in_bios_class_set1_scr_attorney_teacher_results",
      "scr_dir1_threshold_2": 0.3089430736718458,
      "scr_metric_threshold_2": 0.07017540496301027,
      "scr_dir2_threshold_2": 0.07017540496301027,
      "scr_dir1_threshold_5": 0.24390227355438102,
      "scr_metric_threshold_5": 0.16666660857247229,
      "scr_dir2_threshold_5": 0.16666660857247229,
      "scr_dir1_threshold_10": 0.1544715368359229,
      "scr_metric_threshold_10": 0.2485379434097481,
      "scr_dir2_threshold_10": 0.2485379434097481,
      "scr_dir1_threshold_20": 0.21138187349564863,
      "scr_metric_threshold_20": 0.35380113799555507,
      "scr_dir2_threshold_20": 0.35380113799555507,
      "scr_dir1_threshold_50": 0.300813094804848,
      "scr_metric_threshold_50": 0.43567247283283095,
      "scr_dir2_threshold_50": 0.43567247283283095,
      "scr_dir1_threshold_100": 0.21138187349564863,
      "scr_metric_threshold_100": 0.5467835452144791,
      "scr_dir2_threshold_100": 0.5467835452144791,
      "scr_dir1_threshold_500": 0.4390241893160341,
      "scr_metric_threshold_500": 0.46491221037720326,
      "scr_dir2_threshold_500": 0.46491221037720326
    },
    {
      "dataset_name": "canrager/amazon_reviews_mcauley_1and5_scr_Books_CDs_and_Vinyl_results",
      "scr_dir1_threshold_2": 0.013071727373803719,
      "scr_metric_threshold_2": 0.23529414342761312,
      "scr_dir2_threshold_2": 0.23529414342761312,
      "scr_dir1_threshold_5": 0.032679708007358255,
      "scr_metric_threshold_5": 0.26838238919508095,
      "scr_dir2_threshold_5": 0.26838238919508095,
      "scr_dir1_threshold_10": 0.05228768864091279,
      "scr_metric_threshold_10": 0.46691164466517643,