{
  "eval_type_id": "scr",
  "eval_config": {
    "random_seed": 42,
    "dataset_names": [
      "LabHC/bias_in_bios_class_set1",
      "canrager/amazon_reviews_mcauley_1and5"
    ],
    "perform_scr": true,
    "early_stopping_patience": 20,
    "train_set_size": 4000,
    "test_set_size": 1000,
    "context_length": 128,
    "probe_train_batch_size": 16,
    "probe_test_batch_size": 500,
    "probe_epochs": 20,
    "probe_lr": 0.001,
    "probe_l1_penalty": 0.001,
    "sae_batch_size": 125,
    "llm_batch_size": 1,
    "llm_dtype": "torch.bfloat16",
    "lower_vram_usage": false,
    "model_name": "google/gemma-2-2b",
    "n_values": [
      2,
      5,
      10,
      20,
      50,
      100,
      500
    ],
    "column1_vals_lookup": {
      "LabHC/bias_in_bios_class_set1": [
        [
          "professor",
          "nurse"
        ],
        [
          "architect",
          "journalist"
        ],
        [
          "surgeon",
          "psychologist"
        ],
        [
          "attorney",
          "teacher"
        ]
      ],
      "canrager/amazon_reviews_mcauley_1and5": [
        [
          "Books",
          "CDs_and_Vinyl"
        ],
        [
          "Software",
          "Electronics"
        ],
        [
          "Pet_Supplies",
          "Office_Products"
        ],
        [
          "Industrial_and_Scientific",
          "Toys_and_Games"
        ]
      ]
    }
  },
  "eval_id": "e0759441-5ea5-4d85-825a-6a3ed964d953",
  "datetime_epoch_millis": 1756592831732,
  "eval_result_metrics": {
    "scr_metrics": {
      "scr_dir1_threshold_2": 0.3272294089334249,
      "scr_metric_threshold_2": 0.06319310067737839,
      "scr_dir2_threshold_2": 0.06319310067737839,
      "scr_dir1_threshold_5": 0.38186458901752707,
      "scr_metric_threshold_5": 0.13112955184779373,
      "scr_dir2_threshold_5": 0.13112955184779373,
      "scr_dir1_threshold_10": 0.12491867200399803,
      "scr_metric_threshold_10": 0.20100933825036815,
      "scr_dir2_threshold_10": 0.20100933825036815,
      "scr_dir1_threshold_20": 0.038786141858780404,
      "scr_metric_threshold_20": 0.24109777525739753,
      "scr_dir2_threshold_20": 0.24109777525739753,
      "scr_dir1_threshold_50": 0.3366316774177709,
      "scr_metric_threshold_50": 0.33823141536710555,
      "scr_dir2_threshold_50": 0.33823141536710555,
      "scr_dir1_threshold_100": 0.39709638148017906,
      "scr_metric_threshold_100": 0.39098398442047844,
      "scr_dir2_threshold_100": 0.39098398442047844,
      "scr_dir1_threshold_500": 0.051105570866604375,
      "scr_metric_threshold_500": 0.2719318750707398,
      "scr_dir2_threshold_500": 0.2719318750707398
    }
  },
  "eval_result_details": [
    {
      "dataset_name": "LabHC/bias_in_bios_class_set1_scr_professor_nurse_results",
      "scr_dir1_threshold_2": 0.624999866954046,
      "scr_metric_threshold_2": 0.05084752611852521,
      "scr_dir2_threshold_2": 0.05084752611852521,
      "scr_dir1_threshold_5": 0.6607136584976451,
      "scr_metric_threshold_5": 0.07990313162524408,
      "scr_dir2_threshold_5": 0.07990313162524408,
      "scr_dir1_threshold_10": -0.3749990686783215,
      "scr_metric_threshold_10": 0.1016949079158723,
      "scr_dir2_threshold_10": 0.1016949079158723,
      "scr_dir1_threshold_20": -0.39285596445012105,
      "scr_metric_threshold_20": 0.11380143426386818,
      "scr_dir2_threshold_20": 0.11380143426386818,
      "scr_dir1_threshold_50": 0.5892860754104468,
      "scr_metric_threshold_50": 0.11864413139577341,
      "scr_dir2_threshold_50": 0.11864413139577341,
      "scr_dir1_threshold_100": 0.6607136584976451,
      "scr_metric_threshold_100": 0.20581109223710814,
      "scr_dir2_threshold_100": 0.20581109223710814,
      "scr_dir1_threshold_500": 0.1964290465926931,
      "scr_metric_threshold_500": 0.019370499885264663,
      "scr_dir2_threshold_500": 0.019370499885264663
    },
    {
      "dataset_name": "LabHC/bias_in_bios_class_set1_scr_architect_journalist_results",
      "scr_dir1_threshold_2": 0.6915888371077373,
      "scr_metric_threshold_2": 0.05491327438445718,
      "scr_dir2_threshold_2": 0.05491327438445718,
      "scr_dir1_threshold_5": 0.7850466977353576,
      "scr_metric_threshold_5": 0.1300578457883205,
      "scr_dir2_threshold_5": 0.1300578457883205,
      "scr_dir1_threshold_10": 0.7943923723875617,
      "scr_metric_threshold_10": 0.18786125624190664,
      "scr_dir2_threshold_10": 0.18786125624190664,
      "scr_dir1_threshold_20": 0.514018790504701,
      "scr_metric_threshold_20": 0.35549138773215877,
      "scr_dir2_threshold_20": 0.35549138773215877,
      "scr_dir1_threshold_50": 0.5887847447751233,
      "scr_metric_threshold_50": 0.5086704943412628,
      "scr_dir2_threshold_50": 0.5086704943412628,
      "scr_dir1_threshold_100": 0.19626139590744457,
      "scr_metric_threshold_100": 0.6589596371489894,
      "scr_dir2_threshold_100": 0.6589596371489894,
      "scr_dir1_threshold_500": 0.523364465156905,
      "scr_metric_threshold_500": -0.3988439455723484,
      "scr_dir2_threshold_500": -0.3988439455723484
    },
    {
      "dataset_name": "LabHC/bias_in_bios_class_set1_scr_surgeon_psychologist_results",
      "scr_dir1_threshold_2": 0.6136356555228483,
      "scr_metric_threshold_2": 0.02669911550770853,
      "scr_dir2_threshold_2": 0.02669911550770853,
      "scr_dir1_threshold_5": 0.43181833575590256,
      "scr_metric_threshold_5": 0.10436901982490704,
      "scr_dir2_threshold_5": 0.10436901982490704,
      "scr_dir1_threshold_10": -0.3636373488377764,
      "scr_metric_threshold_10": 0.23300971295159553,
      "scr_dir2_threshold_10": 0.23300971295159553,
      "scr_dir1_threshold_20": -0.8409096758724297,
      "scr_metric_threshold_20": 0.08737866044077917,
      "scr_dir2_threshold_20": 0.08737866044077917,
      "scr_dir1_threshold_50": 0.6136356555228483,
      "scr_metric_threshold_50": 0.19660198599175316,
      "scr_dir2_threshold_50": 0.19660198599175316,
      "scr_dir1_threshold_100": 0.6363640058141662,
      "scr_metric_threshold_100": 0.016990359384127865,
      "scr_dir2_threshold_100": 0.016990359384127865,
      "scr_dir1_threshold_500": -1.56818301889604,
      "scr_metric_threshold_500": -0.1140776312770409,
      "scr_dir2_threshold_500": -0.1140776312770409
    },
    {
      "dataset_name": "LabHC/bias_in_bios_class_set1_scr_attorney_teacher_results",
      "scr_dir1_threshold_2": 0.35772343146457375,
      "scr_metric_threshold_2": 0.06725146606508967,
      "scr_dir2_threshold_2": 0.06725146606508967,
      "scr_dir1_threshold_5": 0.650406547402424,
      "scr_metric_threshold_5": 0.13450293213017933,
      "scr_dir2_threshold_5": 0.13450293213017933,
      "scr_dir1_threshold_10": 0.5528453472262268,
      "scr_metric_threshold_10": 0.22807002255913755,
      "scr_dir2_threshold_10": 0.22807002255913755,
      "scr_dir1_threshold_20": 0.5040649894334989,
      "scr_metric_threshold_20": 0.28070161985204106,
      "scr_dir2_threshold_20": 0.28070161985204106,
      "scr_dir1_threshold_50": 0.7804876630466123,
      "scr_metric_threshold_50": 0.3596490157913963,
      "scr_dir2_threshold_50": 0.3596490157913963,
      "scr_dir1_threshold_100": 0.5121949683004967,
      "scr_metric_threshold_100": 0.39473680541419304,
      "scr_dir2_threshold_100": 0.39473680541419304,
      "scr_dir1_threshold_500": 0.6829269474611565,
      "scr_metric_threshold_500": 0.7426900656139069,
      "scr_dir2_threshold_500": 0.7426900656139069
    },
    {
      "dataset_name": "canrager/amazon_reviews_mcauley_1and5_scr_Books_CDs_and_Vinyl_results",
      "scr_dir1_threshold_2": 0.026143844320456393,
      "scr_metric_threshold_2": 0.16176458664728932,
      "scr_dir2_threshold_2": 0.16176458664728932,
      "scr_dir1_threshold_5": 0.026143844320456393,
      "scr_metric_threshold_5": 0.2794116583610959,
      "scr_dir2_threshold_5": 0.2794116583610959,
      "scr_dir1_threshold_10": -0.058823552327814645,