{
  "eval_type_id": "scr",
  "eval_config": {
    "random_seed": 42,
    "dataset_names": [
      "LabHC/bias_in_bios_class_set1",
      "canrager/amazon_reviews_mcauley_1and5"
    ],
    "perform_scr": true,
    "early_stopping_patience": 20,
    "train_set_size": 4000,
    "test_set_size": 1000,
    "context_length": 128,
    "probe_train_batch_size": 16,
    "probe_test_batch_size": 500,
    "probe_epochs": 20,
    "probe_lr": 0.001,
    "probe_l1_penalty": 0.001,
    "sae_batch_size": 125,
    "llm_batch_size": 1,
    "llm_dtype": "torch.bfloat16",
    "lower_vram_usage": false,
    "model_name": "google/gemma-2-2b",
    "n_values": [
      2,
      5,
      10,
      20,
      50,
      100,
      500
    ],
    "column1_vals_lookup": {
      "LabHC/bias_in_bios_class_set1": [
        [
          "professor",
          "nurse"
        ],
        [
          "architect",
          "journalist"
        ],
        [
          "surgeon",
          "psychologist"
        ],
        [
          "attorney",
          "teacher"
        ]
      ],
      "canrager/amazon_reviews_mcauley_1and5": [
        [
          "Books",
          "CDs_and_Vinyl"
        ],
        [
          "Software",
          "Electronics"
        ],
        [
          "Pet_Supplies",
          "Office_Products"
        ],
        [
          "Industrial_and_Scientific",
          "Toys_and_Games"
        ]
      ]
    }
  },
  "eval_id": "70f04bce-6457-4d95-a8ca-e946a1f01814",
  "datetime_epoch_millis": 1754738789659,
  "eval_result_metrics": {
    "scr_metrics": {
      "scr_dir1_threshold_2": 0.26230223581250095,
      "scr_metric_threshold_2": 0.06005094779625992,
      "scr_dir2_threshold_2": 0.06005094779625992,
      "scr_dir1_threshold_5": 0.06348540263987362,
      "scr_metric_threshold_5": 0.12416962044002725,
      "scr_dir2_threshold_5": 0.12416962044002725,
      "scr_dir1_threshold_10": -0.689318774540311,
      "scr_metric_threshold_10": 0.16836227775397772,
      "scr_dir2_threshold_10": 0.16836227775397772,
      "scr_dir1_threshold_20": -0.09295576636844873,
      "scr_metric_threshold_20": 0.1820219493132384,
      "scr_dir2_threshold_20": 0.1820219493132384,
      "scr_dir1_threshold_50": -0.11665152569199105,
      "scr_metric_threshold_50": 0.08313770771350869,
      "scr_dir2_threshold_50": 0.08313770771350869,
      "scr_dir1_threshold_100": -0.27811642841494627,
      "scr_metric_threshold_100": 0.054388210655845745,
      "scr_dir2_threshold_100": 0.054388210655845745,
      "scr_dir1_threshold_500": -0.6814682575546542,
      "scr_metric_threshold_500": 0.03014732168139965,
      "scr_dir2_threshold_500": 0.03014732168139965
    }
  },
  "eval_result_details": [
    {
      "dataset_name": "LabHC/bias_in_bios_class_set1_scr_professor_nurse_results",
      "scr_dir1_threshold_2": 0.5535712194992151,
      "scr_metric_threshold_2": 0.13317193414913284,
      "scr_dir2_threshold_2": 0.13317193414913284,
      "scr_dir1_threshold_5": 0.16071419068146137,
      "scr_metric_threshold_5": 0.12832923701722762,
      "scr_dir2_threshold_5": 0.12832923701722762,
      "scr_dir1_threshold_10": -1.678569489901812,
      "scr_metric_threshold_10": 0.15254243403439752,
      "scr_dir2_threshold_10": 0.15254243403439752,
      "scr_dir1_threshold_20": 0.5178574279556158,
      "scr_metric_threshold_20": 0.24213081560227392,
      "scr_dir2_threshold_20": 0.24213081560227392,
      "scr_dir1_threshold_50": 0.624999866954046,
      "scr_metric_threshold_50": -0.04358355258125643,
      "scr_dir2_threshold_50": -0.04358355258125643,
      "scr_dir1_threshold_100": 0.6428567627258455,
      "scr_metric_threshold_100": -0.07748185521988053,
      "scr_dir2_threshold_100": -0.07748185521988053,
      "scr_dir1_threshold_500": -2.0714265187195657,
      "scr_metric_threshold_500": 0.2033898158317446,
      "scr_dir2_threshold_500": 0.2033898158317446
    },
    {
      "dataset_name": "LabHC/bias_in_bios_class_set1_scr_architect_journalist_results",
      "scr_dir1_threshold_2": 0.6915888371077373,
      "scr_metric_threshold_2": 0.06358385485959575,
      "scr_dir2_threshold_2": 0.06358385485959575,
      "scr_dir1_threshold_5": 0.3925233488676788,
      "scr_metric_threshold_5": 0.1531792788768556,
      "scr_dir2_threshold_5": 0.1531792788768556,
      "scr_dir1_threshold_10": 0.2149533022646424,
      "scr_metric_threshold_10": -0.023121260820783484,
      "scr_dir2_threshold_10": -0.023121260820783484,
      "scr_dir1_threshold_20": 0.7009345117599415,
      "scr_metric_threshold_20": 0.0028901360691289814,
      "scr_dir2_threshold_20": 0.0028901360691289814,
      "scr_dir1_threshold_50": -0.2990654882400586,
      "scr_metric_threshold_50": -0.41040466211661597,
      "scr_dir2_threshold_50": -0.41040466211661597,
      "scr_dir1_threshold_100": -0.17757004660303638,
      "scr_metric_threshold_100": -0.33526009071275265,
      "scr_dir2_threshold_100": -0.33526009071275265,
      "scr_dir1_threshold_500": 0.10280353527982433,
      "scr_metric_threshold_500": -0.26589596371489893,
      "scr_dir2_threshold_500": -0.26589596371489893
    },
    {
      "dataset_name": "LabHC/bias_in_bios_class_set1_scr_surgeon_psychologist_results",
      "scr_dir1_threshold_2": 0.6818179970929169,
      "scr_metric_threshold_2": 0.02669911550770853,
      "scr_dir2_threshold_2": 0.02669911550770853,
      "scr_dir1_threshold_5": 0.6590910014535415,
      "scr_metric_threshold_5": 0.13106799066116875,
      "scr_dir2_threshold_5": 0.13106799066116875,
      "scr_dir1_threshold_10": -2.4772750363385385,
      "scr_metric_threshold_10": 0.2888349521585993,
      "scr_dir2_threshold_10": 0.2888349521585993,
      "scr_dir1_threshold_20": -1.750001693314928,
      "scr_metric_threshold_20": 0.23300971295159553,
      "scr_dir2_threshold_20": 0.23300971295159553,
      "scr_dir1_threshold_50": 0.24999966133701437,
      "scr_metric_threshold_50": 0.344660191365603,
      "scr_dir2_threshold_50": 0.344660191365603,
      "scr_dir1_threshold_100": -0.5909100145354154,
      "scr_metric_threshold_100": 0.1771844737445918,
      "scr_dir2_threshold_100": 0.1771844737445918,
      "scr_dir1_threshold_500": -0.7954556845936789,
      "scr_metric_threshold_500": -0.1067960280164937,
      "scr_dir2_threshold_500": -0.1067960280164937
    },
    {
      "dataset_name": "LabHC/bias_in_bios_class_set1_scr_attorney_teacher_results",
      "scr_dir1_threshold_2": 0.4308942104490363,
      "scr_metric_threshold_2": 0.05847947508874469,
      "scr_dir2_threshold_2": 0.05847947508874469,
      "scr_dir1_threshold_5": -0.34959393718831727,
      "scr_metric_threshold_5": 0.11695895017748938,
      "scr_dir2_threshold_5": 0.11695895017748938,
      "scr_dir1_threshold_10": -1.9593505902557524,
      "scr_metric_threshold_10": 0.12573094115383435,
      "scr_dir2_threshold_10": 0.12573094115383435,
      "scr_dir1_threshold_20": -0.5853662318757006,
      "scr_metric_threshold_20": -0.12573111543641752,
      "scr_dir2_threshold_20": -0.12573111543641752,
      "scr_dir1_threshold_50": -2.3983747795717867,
      "scr_metric_threshold_50": -0.28654984621304863,
      "scr_dir2_threshold_50": -0.28654984621304863,
      "scr_dir1_threshold_100": -2.487806000880986,
      "scr_metric_threshold_100": -0.4444444638091759,
      "scr_dir2_threshold_100": -0.4444444638091759,
      "scr_dir1_threshold_500": -2.8130090322868275,
      "scr_metric_threshold_500": -0.3333333914275277,
      "scr_dir2_threshold_500": -0.3333333914275277
    },
    {
      "dataset_name": "canrager/amazon_reviews_mcauley_1and5_scr_Books_CDs_and_Vinyl_results",
      "scr_dir1_threshold_2": 0.0065358636869018594,
      "scr_metric_threshold_2": 0.07720576070095059,
      "scr_dir2_threshold_2": 0.07720576070095059,
      "scr_dir1_threshold_5": -0.13725508528918381,
      "scr_metric_threshold_5": 0.19485283241475715,
      "scr_dir2_threshold_5": 0.19485283241475715,
      "scr_dir1_threshold_10": 0.30065362532597506,