{
  "eval_type_id": "scr",
  "eval_config": {
    "random_seed": 42,
    "dataset_names": [
      "LabHC/bias_in_bios_class_set1",
      "canrager/amazon_reviews_mcauley_1and5"
    ],
    "perform_scr": true,
    "early_stopping_patience": 20,
    "train_set_size": 4000,
    "test_set_size": 1000,
    "context_length": 128,
    "probe_train_batch_size": 16,
    "probe_test_batch_size": 500,
    "probe_epochs": 20,
    "probe_lr": 0.001,
    "probe_l1_penalty": 0.001,
    "sae_batch_size": 125,
    "llm_batch_size": 1,
    "llm_dtype": "torch.bfloat16",
    "lower_vram_usage": false,
    "model_name": "google/gemma-2-2b",
    "n_values": [
      2,
      5,
      10,
      20,
      50,
      100,
      500
    ],
    "column1_vals_lookup": {
      "LabHC/bias_in_bios_class_set1": [
        [
          "professor",
          "nurse"
        ],
        [
          "architect",
          "journalist"
        ],
        [
          "surgeon",
          "psychologist"
        ],
        [
          "attorney",
          "teacher"
        ]
      ],
      "canrager/amazon_reviews_mcauley_1and5": [
        [
          "Books",
          "CDs_and_Vinyl"
        ],
        [
          "Software",
          "Electronics"
        ],
        [
          "Pet_Supplies",
          "Office_Products"
        ],
        [
          "Industrial_and_Scientific",
          "Toys_and_Games"
        ]
      ]
    }
  },
  "eval_id": "0732688e-ec1c-42d6-b9fe-5be5c6952f9d",
  "datetime_epoch_millis": 1756592344682,
  "eval_result_metrics": {
    "scr_metrics": {
      "scr_dir1_threshold_2": 0.34223994534992025,
      "scr_metric_threshold_2": 0.05727988583642314,
      "scr_dir2_threshold_2": 0.05727988583642314,
      "scr_dir1_threshold_5": 0.38417030698395344,
      "scr_metric_threshold_5": 0.16097414138284719,
      "scr_dir2_threshold_5": 0.16097414138284719,
      "scr_dir1_threshold_10": 0.3948307589143647,
      "scr_metric_threshold_10": 0.23449388234169766,
      "scr_dir2_threshold_10": 0.23449388234169766,
      "scr_dir1_threshold_20": 0.39714653113726145,
      "scr_metric_threshold_20": 0.30341753058996246,
      "scr_dir2_threshold_20": 0.30341753058996246,
      "scr_dir1_threshold_50": 0.30686314362050604,
      "scr_metric_threshold_50": 0.3850981587823565,
      "scr_dir2_threshold_50": 0.3850981587823565,
      "scr_dir1_threshold_100": 0.4045012663564455,
      "scr_metric_threshold_100": 0.4680601837960727,
      "scr_dir2_threshold_100": 0.4680601837960727,
      "scr_dir1_threshold_500": 0.2578840587417983,
      "scr_metric_threshold_500": 0.39457709575716665,
      "scr_dir2_threshold_500": 0.39457709575716665
    }
  },
  "eval_result_details": [
    {
      "dataset_name": "LabHC/bias_in_bios_class_set1_scr_professor_nurse_results",
      "scr_dir1_threshold_2": 0.6071429711822464,
      "scr_metric_threshold_2": 0.021791776290628215,
      "scr_dir2_threshold_2": 0.021791776290628215,
      "scr_dir1_threshold_5": 0.6607136584976451,
      "scr_metric_threshold_5": 0.04358355258125643,
      "scr_dir2_threshold_5": 0.04358355258125643,
      "scr_dir1_threshold_10": 0.6785716186370773,
      "scr_metric_threshold_10": 0.0968523551051452,
      "scr_dir2_threshold_10": 0.0968523551051452,
      "scr_dir1_threshold_20": 0.732142305952476,
      "scr_metric_threshold_20": 0.09927363151050875,
      "scr_dir2_threshold_20": 0.09927363151050875,
      "scr_dir1_threshold_50": 0.624999866954046,
      "scr_metric_threshold_50": 0.20823251296364984,
      "scr_dir2_threshold_50": 0.20823251296364984,
      "scr_dir1_threshold_100": 0.6071429711822464,
      "scr_metric_threshold_100": 0.2881356445888939,
      "scr_dir2_threshold_100": 0.2881356445888939,
      "scr_dir1_threshold_500": 0.14285729490966179,
      "scr_metric_threshold_500": 0.03631957904398765,
      "scr_dir2_threshold_500": 0.03631957904398765
    },
    {
      "dataset_name": "LabHC/bias_in_bios_class_set1_scr_architect_journalist_results",
      "scr_dir1_threshold_2": 0.6822426054027436,
      "scr_metric_threshold_2": 0.08670528794813087,
      "scr_dir2_threshold_2": 0.08670528794813087,
      "scr_dir1_threshold_5": 0.7383177674215474,
      "scr_metric_threshold_5": 0.1763005396976391,
      "scr_dir2_threshold_5": 0.1763005396976391,
      "scr_dir1_threshold_10": 0.7383177674215474,
      "scr_metric_threshold_10": 0.28612726073430506,
      "scr_dir2_threshold_10": 0.28612726073430506,
      "scr_dir1_threshold_20": 0.7383177674215474,
      "scr_metric_threshold_20": 0.4017340816414774,
      "scr_dir2_threshold_20": 0.4017340816414774,
      "scr_dir1_threshold_50": 0.6728969307505395,
      "scr_metric_threshold_50": 0.5751444852699875,
      "scr_dir2_threshold_50": 0.5751444852699875,
      "scr_dir1_threshold_100": 0.6822426054027436,
      "scr_metric_threshold_100": 0.7225433197408335,
      "scr_dir2_threshold_100": 0.7225433197408335,
      "scr_dir1_threshold_500": 0.13084111628922626,
      "scr_metric_threshold_500": 0.05491327438445718,
      "scr_dir2_threshold_500": 0.05491327438445718
    },
    {
      "dataset_name": "LabHC/bias_in_bios_class_set1_scr_surgeon_psychologist_results",
      "scr_dir1_threshold_2": 0.7272719883716677,
      "scr_metric_threshold_2": 0.038835024494322655,
      "scr_dir2_threshold_2": 0.038835024494322655,
      "scr_dir1_threshold_5": 0.7727273343023611,
      "scr_metric_threshold_5": 0.20873789497836728,
      "scr_dir2_threshold_5": 0.20873789497836728,
      "scr_dir1_threshold_10": 0.7272719883716677,
      "scr_metric_threshold_10": 0.2791261960350186,
      "scr_dir2_threshold_10": 0.2791261960350186,
      "scr_dir1_threshold_20": 0.36363599418583387,
      "scr_metric_threshold_20": 0.3252426791184416,
      "scr_dir2_threshold_20": 0.3252426791184416,
      "scr_dir1_threshold_50": 0.13636332848819488,
      "scr_metric_threshold_50": 0.2791261960350186,
      "scr_dir2_threshold_50": 0.2791261960350186,
      "scr_dir1_threshold_100": 0.5909086598834729,
      "scr_metric_threshold_100": 0.3373785881050558,
      "scr_dir2_threshold_100": 0.3373785881050558,
      "scr_dir1_threshold_500": 0.43181833575590256,
      "scr_metric_threshold_500": 0.2766990431719851,
      "scr_dir2_threshold_500": 0.2766990431719851
    },
    {
      "dataset_name": "LabHC/bias_in_bios_class_set1_scr_attorney_teacher_results",
      "scr_dir1_threshold_2": 0.3170730525388436,
      "scr_metric_threshold_2": 0.05263142301032032,
      "scr_dir2_threshold_2": 0.05263142301032032,
      "scr_dir1_threshold_5": 0.4065037892573017,
      "scr_metric_threshold_5": 0.16666660857247229,
      "scr_dir2_threshold_5": 0.16666660857247229,
      "scr_dir1_threshold_10": 0.35772343146457375,
      "scr_metric_threshold_10": 0.2631578121819343,
      "scr_dir2_threshold_10": 0.2631578121819343,
      "scr_dir1_threshold_20": 0.47967456824176424,
      "scr_metric_threshold_20": 0.34210520812128953,
      "scr_dir2_threshold_20": 0.34210520812128953,
      "scr_dir1_threshold_50": 0.5772357684179614,
      "scr_metric_threshold_50": 0.47953207914938945,
      "scr_dir2_threshold_50": 0.47953207914938945,
      "scr_dir1_threshold_100": 0.22764231582038547,
      "scr_metric_threshold_100": 0.5438596063165585,
      "scr_dir2_threshold_100": 0.5438596063165585,
      "scr_dir1_threshold_500": 0.7235773263868865,
      "scr_metric_threshold_500": 0.47953207914938945,
      "scr_dir2_threshold_500": 0.47953207914938945
    },
    {
      "dataset_name": "canrager/amazon_reviews_mcauley_1and5_scr_Books_CDs_and_Vinyl_results",
      "scr_dir1_threshold_2": 0.019607980633554532,
      "scr_metric_threshold_2": 0.10661758341308011,
      "scr_dir2_threshold_2": 0.10661758341308011,
      "scr_dir1_threshold_5": 0.032679708007358255,
      "scr_metric_threshold_5": 0.31617632718390204,
      "scr_dir2_threshold_5": 0.31617632718390204,
      "scr_dir1_threshold_10": 0.04575143538116197,
      "scr_metric_threshold_10": 0.4191174875416438,