{
  "eval_type_id": "scr",
  "eval_config": {
    "random_seed": 42,
    "dataset_names": [
      "LabHC/bias_in_bios_class_set1",
      "canrager/amazon_reviews_mcauley_1and5"
    ],
    "perform_scr": true,
    "early_stopping_patience": 20,
    "train_set_size": 4000,
    "test_set_size": 1000,
    "context_length": 128,
    "probe_train_batch_size": 16,
    "probe_test_batch_size": 500,
    "probe_epochs": 20,
    "probe_lr": 0.001,
    "probe_l1_penalty": 0.001,
    "sae_batch_size": 125,
    "llm_batch_size": 1,
    "llm_dtype": "torch.bfloat16",
    "lower_vram_usage": false,
    "model_name": "google/gemma-2-2b",
    "n_values": [
      2,
      5,
      10,
      20,
      50,
      100,
      500
    ],
    "column1_vals_lookup": {
      "LabHC/bias_in_bios_class_set1": [
        [
          "professor",
          "nurse"
        ],
        [
          "architect",
          "journalist"
        ],
        [
          "surgeon",
          "psychologist"
        ],
        [
          "attorney",
          "teacher"
        ]
      ],
      "canrager/amazon_reviews_mcauley_1and5": [
        [
          "Books",
          "CDs_and_Vinyl"
        ],
        [
          "Software",
          "Electronics"
        ],
        [
          "Pet_Supplies",
          "Office_Products"
        ],
        [
          "Industrial_and_Scientific",
          "Toys_and_Games"
        ]
      ]
    }
  },
  "eval_id": "60d8ad56-caf9-465b-a6b9-592c827279f6",
  "datetime_epoch_millis": 1754739294093,
  "eval_result_metrics": {
    "scr_metrics": {
      "scr_dir1_threshold_2": 0.31588488686170174,
      "scr_metric_threshold_2": 0.04660617769511713,
      "scr_dir2_threshold_2": 0.04660617769511713,
      "scr_dir1_threshold_5": 0.3092589120001126,
      "scr_metric_threshold_5": 0.08251466202719264,
      "scr_dir2_threshold_5": 0.08251466202719264,
      "scr_dir1_threshold_10": -0.15009957683149683,
      "scr_metric_threshold_10": 0.1150562768778135,
      "scr_dir2_threshold_10": 0.1150562768778135,
      "scr_dir1_threshold_20": -0.6235261963312257,
      "scr_metric_threshold_20": 0.157994580022522,
      "scr_dir2_threshold_20": 0.157994580022522,
      "scr_dir1_threshold_50": -1.2774628379135946,
      "scr_metric_threshold_50": 0.15680820582563154,
      "scr_dir2_threshold_50": 0.15680820582563154,
      "scr_dir1_threshold_100": -1.3132336089991004,
      "scr_metric_threshold_100": 0.06197740037525119,
      "scr_dir2_threshold_100": 0.06197740037525119,
      "scr_dir1_threshold_500": -2.0220077920538646,
      "scr_metric_threshold_500": -0.07604142270230932,
      "scr_dir2_threshold_500": -0.07604142270230932
    }
  },
  "eval_result_details": [
    {
      "dataset_name": "LabHC/bias_in_bios_class_set1_scr_professor_nurse_results",
      "scr_dir1_threshold_2": 0.5357143237274155,
      "scr_metric_threshold_2": 0.02663432910135532,
      "scr_dir2_threshold_2": 0.02663432910135532,
      "scr_dir1_threshold_5": 0.6428567627258455,
      "scr_metric_threshold_5": 0.024213052695991766,
      "scr_dir2_threshold_5": 0.024213052695991766,
      "scr_dir1_threshold_10": 0.446428780500785,
      "scr_metric_threshold_10": 0.058111355334615866,
      "scr_dir2_threshold_10": 0.058111355334615866,
      "scr_dir1_threshold_20": 0.2142859423644927,
      "scr_metric_threshold_20": 0.2203390393116457,
      "scr_dir2_threshold_20": 0.2203390393116457,
      "scr_dir1_threshold_50": 0.39285702881775364,
      "scr_metric_threshold_50": 0.28571436818353035,
      "scr_dir2_threshold_50": 0.28571436818353035,
      "scr_dir1_threshold_100": 0.5535712194992151,
      "scr_metric_threshold_100": 0.3171912500956128,
      "scr_dir2_threshold_100": 0.3171912500956128,
      "scr_dir1_threshold_500": -3.6428535696229476,
      "scr_metric_threshold_500": 0.12106540780113696,
      "scr_dir2_threshold_500": 0.12106540780113696
    },
    {
      "dataset_name": "LabHC/bias_in_bios_class_set1_scr_architect_journalist_results",
      "scr_dir1_threshold_2": 0.7102801864121455,
      "scr_metric_threshold_2": 0.08381515187900189,
      "scr_dir2_threshold_2": 0.08381515187900189,
      "scr_dir1_threshold_5": 0.30841116289226267,
      "scr_metric_threshold_5": 0.10982672103666599,
      "scr_dir2_threshold_5": 0.10982672103666599,
      "scr_dir1_threshold_10": 0.514018790504701,
      "scr_metric_threshold_10": 0.14161856233258804,
      "scr_dir2_threshold_10": 0.14161856233258804,
      "scr_dir1_threshold_20": 0.7289720927693434,
      "scr_metric_threshold_20": -0.037572285701931656,
      "scr_dir2_threshold_20": -0.037572285701931656,
      "scr_dir1_threshold_50": -0.579439627175709,
      "scr_metric_threshold_50": -0.35549121546440715,
      "scr_dir2_threshold_50": -0.35549121546440715,
      "scr_dir1_threshold_100": 0.19626139590744457,
      "scr_metric_threshold_100": -0.41040466211661597,
      "scr_dir2_threshold_100": -0.41040466211661597,
      "scr_dir1_threshold_500": 0.18691572125524047,
      "scr_metric_threshold_500": -0.4219652063931319,
      "scr_dir2_threshold_500": -0.4219652063931319
    },
    {
      "dataset_name": "LabHC/bias_in_bios_class_set1_scr_surgeon_psychologist_results",
      "scr_dir1_threshold_2": 0.5909086598834729,
      "scr_metric_threshold_2": 0.03398057409680892,
      "scr_dir2_threshold_2": 0.03398057409680892,
      "scr_dir1_threshold_5": 0.3863629898252093,
      "scr_metric_threshold_5": 0.06796114819361784,
      "scr_dir2_threshold_5": 0.06796114819361784,
      "scr_dir1_threshold_10": -2.909093372094441,
      "scr_metric_threshold_10": 0.0922329661668461,
      "scr_dir2_threshold_10": 0.0922329661668461,
      "scr_dir1_threshold_20": -5.363641412793604,
      "scr_metric_threshold_20": 0.11893208167455463,
      "scr_dir2_threshold_20": 0.11893208167455463,
      "scr_dir1_threshold_50": -7.386369763084922,
      "scr_metric_threshold_50": 0.184466077005139,
      "scr_dir2_threshold_50": 0.184466077005139,
      "scr_dir1_threshold_100": -8.022733768899087,
      "scr_metric_threshold_100": -0.1723300233470781,
      "scr_dir2_threshold_100": -0.1723300233470781,
      "scr_dir1_threshold_500": -8.318188776166796,
      "scr_metric_threshold_500": -0.07524260678271824,
      "scr_dir2_threshold_500": -0.07524260678271824
    },
    {
      "dataset_name": "LabHC/bias_in_bios_class_set1_scr_attorney_teacher_results",
      "scr_dir1_threshold_2": 0.3983738103903039,
      "scr_metric_threshold_2": 0.04093566741863792,
      "scr_dir2_threshold_2": 0.04093566741863792,
      "scr_dir1_threshold_5": 0.47967456824176424,
      "scr_metric_threshold_5": 0.12573094115383435,
      "scr_dir2_threshold_5": 0.12573094115383435,
      "scr_dir1_threshold_10": 0.5203254317582358,
      "scr_metric_threshold_10": 0.03508761534021355,
      "scr_dir2_threshold_10": 0.03508761534021355,
      "scr_dir1_threshold_20": -0.8292685054300816,
      "scr_metric_threshold_20": 0.12280700225591376,
      "scr_dir2_threshold_20": 0.12280700225591376,
      "scr_dir1_threshold_50": -2.8211394957445664,
      "scr_metric_threshold_50": 0.04385960631655852,
      "scr_dir2_threshold_50": 0.04385960631655852,
      "scr_dir1_threshold_100": -2.8211394957445664,
      "scr_metric_threshold_100": -0.3947369796967762,
      "scr_dir2_threshold_100": -0.3947369796967762,
      "scr_dir1_threshold_500": -2.8211394957445664,
      "scr_metric_threshold_500": -0.4415205249112553,
      "scr_dir2_threshold_500": -0.4415205249112553
    },
    {
      "dataset_name": "canrager/amazon_reviews_mcauley_1and5_scr_Books_CDs_and_Vinyl_results",
      "scr_dir1_threshold_2": -0.0065358636869018594,
      "scr_metric_threshold_2": 0.08823524900167704,
      "scr_dir2_threshold_2": 0.08823524900167704,
      "scr_dir1_threshold_5": 0.16339854003679127,
      "scr_metric_threshold_5": 0.1286763408798215,
      "scr_dir2_threshold_5": 0.1286763408798215,
      "scr_dir1_threshold_10": 0.3137253526997788,