{
  "eval_type_id": "scr",
  "eval_config": {
    "random_seed": 42,
    "dataset_names": [
      "LabHC/bias_in_bios_class_set1",
      "canrager/amazon_reviews_mcauley_1and5"
    ],
    "perform_scr": true,
    "early_stopping_patience": 20,
    "train_set_size": 4000,
    "test_set_size": 1000,
    "context_length": 128,
    "probe_train_batch_size": 16,
    "probe_test_batch_size": 500,
    "probe_epochs": 20,
    "probe_lr": 0.001,
    "probe_l1_penalty": 0.001,
    "sae_batch_size": 125,
    "llm_batch_size": 1,
    "llm_dtype": "torch.bfloat16",
    "lower_vram_usage": false,
    "model_name": "google/gemma-2-2b",
    "n_values": [
      2,
      5,
      10,
      20,
      50,
      100,
      500
    ],
    "column1_vals_lookup": {
      "LabHC/bias_in_bios_class_set1": [
        [
          "professor",
          "nurse"
        ],
        [
          "architect",
          "journalist"
        ],
        [
          "surgeon",
          "psychologist"
        ],
        [
          "attorney",
          "teacher"
        ]
      ],
      "canrager/amazon_reviews_mcauley_1and5": [
        [
          "Books",
          "CDs_and_Vinyl"
        ],
        [
          "Software",
          "Electronics"
        ],
        [
          "Pet_Supplies",
          "Office_Products"
        ],
        [
          "Industrial_and_Scientific",
          "Toys_and_Games"
        ]
      ]
    }
  },
  "eval_id": "7b12f41f-e733-460a-add9-5cfe68a10931",
  "datetime_epoch_millis": 1754740305841,
  "eval_result_metrics": {
    "scr_metrics": {
      "scr_dir1_threshold_2": 0.34101646603345687,
      "scr_metric_threshold_2": 0.06371814937632196,
      "scr_dir2_threshold_2": 0.06371814937632196,
      "scr_dir1_threshold_5": 0.3416614333249792,
      "scr_metric_threshold_5": 0.16128917034896043,
      "scr_dir2_threshold_5": 0.16128917034896043,
      "scr_dir1_threshold_10": 0.4114441180627981,
      "scr_metric_threshold_10": 0.22979941402819426,
      "scr_dir2_threshold_10": 0.22979941402819426,
      "scr_dir1_threshold_20": 0.35247478546855987,
      "scr_metric_threshold_20": 0.305087723307095,
      "scr_dir2_threshold_20": 0.305087723307095,
      "scr_dir1_threshold_50": 0.33339377849932356,
      "scr_metric_threshold_50": 0.3923377987107169,
      "scr_dir2_threshold_50": 0.3923377987107169,
      "scr_dir1_threshold_100": 0.30296776428534355,
      "scr_metric_threshold_100": 0.4607297873474601,
      "scr_dir2_threshold_100": 0.4607297873474601,
      "scr_dir1_threshold_500": -0.09336234903008882,
      "scr_metric_threshold_500": 0.361407786581475,
      "scr_dir2_threshold_500": 0.361407786581475
    }
  },
  "eval_result_details": [
    {
      "dataset_name": "LabHC/bias_in_bios_class_set1_scr_professor_nurse_results",
      "scr_dir1_threshold_2": 0.5892860754104468,
      "scr_metric_threshold_2": 0.019370499885264663,
      "scr_dir2_threshold_2": 0.019370499885264663,
      "scr_dir1_threshold_5": 0.6428567627258455,
      "scr_metric_threshold_5": 0.05326880252388876,
      "scr_dir2_threshold_5": 0.05326880252388876,
      "scr_dir1_threshold_10": 0.6607136584976451,
      "scr_metric_threshold_10": 0.08232440803060763,
      "scr_dir2_threshold_10": 0.08232440803060763,
      "scr_dir1_threshold_20": 0.6607136584976451,
      "scr_metric_threshold_20": 0.11864413139577341,
      "scr_dir2_threshold_20": 0.11864413139577341,
      "scr_dir1_threshold_50": 0.5892860754104468,
      "scr_metric_threshold_50": 0.20096853942638104,
      "scr_dir2_threshold_50": 0.20096853942638104,
      "scr_dir1_threshold_100": -0.07142758308719832,
      "scr_metric_threshold_100": 0.2663438682982657,
      "scr_dir2_threshold_100": 0.2663438682982657,
      "scr_dir1_threshold_500": -0.08928554322663047,
      "scr_metric_threshold_500": 0.16707023678775695,
      "scr_dir2_threshold_500": 0.16707023678775695
    },
    {
      "dataset_name": "LabHC/bias_in_bios_class_set1_scr_architect_journalist_results",
      "scr_dir1_threshold_2": 0.6822426054027436,
      "scr_metric_threshold_2": 0.1040462766306564,
      "scr_dir2_threshold_2": 0.1040462766306564,
      "scr_dir1_threshold_5": 0.7102801864121455,
      "scr_metric_threshold_5": 0.1791908480345197,
      "scr_dir2_threshold_5": 0.1791908480345197,
      "scr_dir1_threshold_10": 0.7476634420737516,
      "scr_metric_threshold_10": 0.25722555550751197,
      "scr_dir2_threshold_10": 0.25722555550751197,
      "scr_dir1_threshold_20": 0.5794390701229193,
      "scr_metric_threshold_20": 0.44797694781854763,
      "scr_dir2_threshold_20": 0.44797694781854763,
      "scr_dir1_threshold_50": 0.3271025121966708,
      "scr_metric_threshold_50": 0.6184972153779288,
      "scr_dir2_threshold_50": 0.6184972153779288,
      "scr_dir1_threshold_100": 0.42056037282429104,
      "scr_metric_threshold_100": 0.7196531836717045,
      "scr_dir2_threshold_100": 0.7196531836717045,
      "scr_dir1_threshold_500": -1.3738319995632706,
      "scr_metric_threshold_500": -0.08959525174950822,
      "scr_dir2_threshold_500": -0.08959525174950822
    },
    {
      "dataset_name": "LabHC/bias_in_bios_class_set1_scr_surgeon_psychologist_results",
      "scr_dir1_threshold_2": 0.7272719883716677,
      "scr_metric_threshold_2": 0.03398057409680892,
      "scr_dir2_threshold_2": 0.03398057409680892,
      "scr_dir1_threshold_5": 0.7272719883716677,
      "scr_metric_threshold_5": 0.21116504784140075,
      "scr_dir2_threshold_5": 0.21116504784140075,
      "scr_dir1_threshold_10": 0.7727273343023611,
      "scr_metric_threshold_10": 0.2718447374459182,
      "scr_dir2_threshold_10": 0.2718447374459182,
      "scr_dir1_threshold_20": 0.1590903241275703,
      "scr_metric_threshold_20": 0.34223303850256953,
      "scr_dir2_threshold_20": 0.34223303850256953,
      "scr_dir1_threshold_50": 0.36363599418583387,
      "scr_metric_threshold_50": 0.28398064643253235,
      "scr_dir2_threshold_50": 0.28398064643253235,
      "scr_dir1_threshold_100": 0.24999966133701437,
      "scr_metric_threshold_100": 0.3252426791184416,
      "scr_dir2_threshold_100": 0.3252426791184416,
      "scr_dir1_threshold_500": -0.7500016933149282,
      "scr_metric_threshold_500": 0.15291265577136356,
      "scr_dir2_threshold_500": 0.15291265577136356
    },
    {
      "dataset_name": "LabHC/bias_in_bios_class_set1_scr_attorney_teacher_results",
      "scr_dir1_threshold_2": 0.32520303140584134,
      "scr_metric_threshold_2": 0.07894722165677207,
      "scr_dir2_threshold_2": 0.07894722165677207,
      "scr_dir1_threshold_5": 0.17886147343691622,
      "scr_metric_threshold_5": 0.14327474882394112,
      "scr_dir2_threshold_5": 0.14327474882394112,
      "scr_dir1_threshold_10": 0.3170730525388436,
      "scr_metric_threshold_10": 0.2660817510798549,
      "scr_dir2_threshold_10": 0.2660817510798549,
      "scr_dir1_threshold_20": 0.4308942104490363,
      "scr_metric_threshold_20": 0.33333321714494457,
      "scr_dir2_threshold_20": 0.33333321714494457,
      "scr_dir1_threshold_50": 0.1869919368946553,
      "scr_metric_threshold_50": 0.43567247283283095,
      "scr_dir2_threshold_50": 0.43567247283283095,
      "scr_dir1_threshold_100": 0.3983738103903039,
      "scr_metric_threshold_100": 0.578947221656772,
      "scr_dir2_threshold_100": 0.578947221656772,
      "scr_dir1_threshold_500": 0.5772357684179614,
      "scr_metric_threshold_500": 0.45029234160501713,
      "scr_dir2_threshold_500": 0.45029234160501713
    },
    {
      "dataset_name": "canrager/amazon_reviews_mcauley_1and5_scr_Books_CDs_and_Vinyl_results",
      "scr_dir1_threshold_2": 0.019607980633554532,
      "scr_metric_threshold_2": 0.12499991782448318,
      "scr_dir2_threshold_2": 0.12499991782448318,
      "scr_dir1_threshold_5": 0.07843114338852022,
      "scr_metric_threshold_5": 0.3051470580178871,
      "scr_dir2_threshold_5": 0.3051470580178871,
      "scr_dir1_threshold_10": 0.07189527970161837,
      "scr_metric_threshold_10": 0.444852887198435,