{
  "eval_type_id": "scr",
  "eval_config": {
    "random_seed": 42,
    "dataset_names": [
      "LabHC/bias_in_bios_class_set1",
      "canrager/amazon_reviews_mcauley_1and5"
    ],
    "perform_scr": true,
    "early_stopping_patience": 20,
    "train_set_size": 4000,
    "test_set_size": 1000,
    "context_length": 128,
    "probe_train_batch_size": 16,
    "probe_test_batch_size": 500,
    "probe_epochs": 20,
    "probe_lr": 0.001,
    "probe_l1_penalty": 0.001,
    "sae_batch_size": 125,
    "llm_batch_size": 1,
    "llm_dtype": "torch.bfloat16",
    "lower_vram_usage": false,
    "model_name": "google/gemma-2-2b",
    "n_values": [
      2,
      5,
      10,
      20,
      50,
      100,
      500
    ],
    "column1_vals_lookup": {
      "LabHC/bias_in_bios_class_set1": [
        [
          "professor",
          "nurse"
        ],
        [
          "architect",
          "journalist"
        ],
        [
          "surgeon",
          "psychologist"
        ],
        [
          "attorney",
          "teacher"
        ]
      ],
      "canrager/amazon_reviews_mcauley_1and5": [
        [
          "Books",
          "CDs_and_Vinyl"
        ],
        [
          "Software",
          "Electronics"
        ],
        [
          "Pet_Supplies",
          "Office_Products"
        ],
        [
          "Industrial_and_Scientific",
          "Toys_and_Games"
        ]
      ]
    }
  },
  "eval_id": "b56baeed-6c38-4eb6-a2a0-dd880de0c3cc",
  "datetime_epoch_millis": 1754968081188,
  "eval_result_metrics": {
    "scr_metrics": {
      "scr_dir1_threshold_2": 0.2716458779912919,
      "scr_metric_threshold_2": 0.09869574241782615,
      "scr_dir2_threshold_2": 0.09869574241782615,
      "scr_dir1_threshold_5": 0.28899815538747464,
      "scr_metric_threshold_5": 0.18507366665487074,
      "scr_dir2_threshold_5": 0.18507366665487074,
      "scr_dir1_threshold_10": 0.29231832709270883,
      "scr_metric_threshold_10": 0.255246670271568,
      "scr_dir2_threshold_10": 0.255246670271568,
      "scr_dir1_threshold_20": 0.25400131799901154,
      "scr_metric_threshold_20": 0.32375584100402893,
      "scr_dir2_threshold_20": 0.32375584100402893,
      "scr_dir1_threshold_50": 0.2961811292339887,
      "scr_metric_threshold_50": 0.39612869541578966,
      "scr_dir2_threshold_50": 0.39612869541578966,
      "scr_dir1_threshold_100": 0.20643384325810757,
      "scr_metric_threshold_100": 0.45890559468683906,
      "scr_dir2_threshold_100": 0.45890559468683906,
      "scr_dir1_threshold_500": -0.04045774035465646,
      "scr_metric_threshold_500": 0.40452175920114375,
      "scr_dir2_threshold_500": 0.40452175920114375
    }
  },
  "eval_result_details": [
    {
      "dataset_name": "LabHC/bias_in_bios_class_set1_scr_professor_nurse_results",
      "scr_dir1_threshold_2": 0.5535712194992151,
      "scr_metric_threshold_2": 0.021791776290628215,
      "scr_dir2_threshold_2": 0.021791776290628215,
      "scr_dir1_threshold_5": 0.5535712194992151,
      "scr_metric_threshold_5": 0.04358355258125643,
      "scr_dir2_threshold_5": 0.04358355258125643,
      "scr_dir1_threshold_10": 0.5535712194992151,
      "scr_metric_threshold_10": 0.05084752611852521,
      "scr_dir2_threshold_10": 0.05084752611852521,
      "scr_dir1_threshold_20": 0.5714281152710146,
      "scr_metric_threshold_20": 0.09927363151050875,
      "scr_dir2_threshold_20": 0.09927363151050875,
      "scr_dir1_threshold_50": 0.5714281152710146,
      "scr_metric_threshold_50": 0.15980626325048816,
      "scr_dir2_threshold_50": 0.15980626325048816,
      "scr_dir1_threshold_100": -0.16071419068146137,
      "scr_metric_threshold_100": 0.20581109223710814,
      "scr_dir2_threshold_100": 0.20581109223710814,
      "scr_dir1_threshold_500": -0.7499992017242756,
      "scr_metric_threshold_500": 0.33171919717015036,
      "scr_dir2_threshold_500": 0.33171919717015036
    },
    {
      "dataset_name": "LabHC/bias_in_bios_class_set1_scr_architect_journalist_results",
      "scr_dir1_threshold_2": 0.5794390701229193,
      "scr_metric_threshold_2": 0.2080925532613128,
      "scr_dir2_threshold_2": 0.2080925532613128,
      "scr_dir1_threshold_5": 0.5981309764801171,
      "scr_metric_threshold_5": 0.29190753287256305,
      "scr_dir2_threshold_5": 0.29190753287256305,
      "scr_dir1_threshold_10": 0.6448599067939272,
      "scr_metric_threshold_10": 0.36127165987041676,
      "scr_dir2_threshold_10": 0.36127165987041676,
      "scr_dir1_threshold_20": 0.6448599067939272,
      "scr_metric_threshold_20": 0.46242780043194415,
      "scr_dir2_threshold_20": 0.46242780043194415,
      "scr_dir1_threshold_50": 0.5327101398091092,
      "scr_metric_threshold_50": 0.5838150657451261,
      "scr_dir2_threshold_50": 0.5838150657451261,
      "scr_dir1_threshold_100": 0.5887847447751233,
      "scr_metric_threshold_100": 0.7225433197408335,
      "scr_dir2_threshold_100": 0.7225433197408335,
      "scr_dir1_threshold_500": 0.5046725587997072,
      "scr_metric_threshold_500": 0.3323699546436237,
      "scr_dir2_threshold_500": 0.3323699546436237
    },
    {
      "dataset_name": "LabHC/bias_in_bios_class_set1_scr_surgeon_psychologist_results",
      "scr_dir1_threshold_2": 0.6363640058141662,
      "scr_metric_threshold_2": 0.03398057409680892,
      "scr_dir2_threshold_2": 0.03398057409680892,
      "scr_dir1_threshold_5": 0.6590910014535415,
      "scr_metric_threshold_5": 0.19660198599175316,
      "scr_dir2_threshold_5": 0.19660198599175316,
      "scr_dir1_threshold_10": 0.49999932267402875,
      "scr_metric_threshold_10": 0.2766990431719851,
      "scr_dir2_threshold_10": 0.2766990431719851,
      "scr_dir1_threshold_20": 0.20454431540632106,
      "scr_metric_threshold_20": 0.34223303850256953,
      "scr_dir2_threshold_20": 0.34223303850256953,
      "scr_dir1_threshold_50": 0.06818098691812619,
      "scr_metric_threshold_50": 0.39805827770957325,
      "scr_dir2_threshold_50": 0.39805827770957325,
      "scr_dir1_threshold_100": 0.18181731976694568,
      "scr_metric_threshold_100": 0.45631066977961043,
      "scr_dir2_threshold_100": 0.45631066977961043,
      "scr_dir1_threshold_500": -0.22727402034958147,
      "scr_metric_threshold_500": 0.1504855029083301,
      "scr_dir2_threshold_500": 0.1504855029083301
    },
    {
      "dataset_name": "LabHC/bias_in_bios_class_set1_scr_attorney_teacher_results",
      "scr_dir1_threshold_2": 0.2195118523626464,
      "scr_metric_threshold_2": 0.11111107238164818,
      "scr_dir2_threshold_2": 0.11111107238164818,
      "scr_dir1_threshold_5": 0.17886147343691622,
      "scr_metric_threshold_5": 0.2134501537869514,
      "scr_dir2_threshold_5": 0.2134501537869514,
      "scr_dir1_threshold_10": 0.17886147343691622,
      "scr_metric_threshold_10": 0.3040934796005722,
      "scr_dir2_threshold_10": 0.3040934796005722,
      "scr_dir1_threshold_20": 0.22764231582038547,
      "scr_metric_threshold_20": 0.385964814437848,
      "scr_dir2_threshold_20": 0.385964814437848,
      "scr_dir1_threshold_50": 0.6829269474611565,
      "scr_metric_threshold_50": 0.34210520812128953,
      "scr_dir2_threshold_50": 0.34210520812128953,
      "scr_dir1_threshold_100": 0.5772357684179614,
      "scr_metric_threshold_100": 0.3976607443121136,
      "scr_dir2_threshold_100": 0.3976607443121136,
      "scr_dir1_threshold_500": 0.4146342527150408,
      "scr_metric_threshold_500": 0.33333321714494457,
      "scr_dir2_threshold_500": 0.33333321714494457
    },
    {
      "dataset_name": "canrager/amazon_reviews_mcauley_1and5_scr_Books_CDs_and_Vinyl_results",
      "scr_dir1_threshold_2": 0.019607980633554532,
      "scr_metric_threshold_2": 0.23529414342761312,
      "scr_dir2_threshold_2": 0.23529414342761312,
      "scr_dir1_threshold_5": 0.04575143538116197,
      "scr_metric_threshold_5": 0.31617632718390204,
      "scr_dir2_threshold_5": 0.31617632718390204,
      "scr_dir1_threshold_10": 0.058823552327814645,
      "scr_metric_threshold_10": 0.45955879855449977,