{
  "eval_type_id": "scr",
  "eval_config": {
    "random_seed": 42,
    "dataset_names": [
      "LabHC/bias_in_bios_class_set1",
      "canrager/amazon_reviews_mcauley_1and5"
    ],
    "perform_scr": true,
    "early_stopping_patience": 20,
    "train_set_size": 4000,
    "test_set_size": 1000,
    "context_length": 128,
    "probe_train_batch_size": 16,
    "probe_test_batch_size": 500,
    "probe_epochs": 20,
    "probe_lr": 0.001,
    "probe_l1_penalty": 0.001,
    "sae_batch_size": 125,
    "llm_batch_size": 1,
    "llm_dtype": "torch.bfloat16",
    "lower_vram_usage": false,
    "model_name": "google/gemma-2-9b",
    "n_values": [
      2,
      5,
      10,
      20,
      50,
      100,
      500
    ],
    "column1_vals_lookup": {
      "LabHC/bias_in_bios_class_set1": [
        [
          "professor",
          "nurse"
        ],
        [
          "architect",
          "journalist"
        ],
        [
          "surgeon",
          "psychologist"
        ],
        [
          "attorney",
          "teacher"
        ]
      ],
      "canrager/amazon_reviews_mcauley_1and5": [
        [
          "Books",
          "CDs_and_Vinyl"
        ],
        [
          "Software",
          "Electronics"
        ],
        [
          "Pet_Supplies",
          "Office_Products"
        ],
        [
          "Industrial_and_Scientific",
          "Toys_and_Games"
        ]
      ]
    }
  },
  "eval_id": "09cba7a8-79e0-4cc0-8a93-24dcaa026283",
  "datetime_epoch_millis": 1765444902994,
  "eval_result_metrics": {
    "scr_metrics": {
      "scr_dir1_threshold_2": 0.12244437285126497,
      "scr_metric_threshold_2": 0.08452182227607484,
      "scr_dir2_threshold_2": 0.11608504429924772,
      "scr_dir1_threshold_5": 0.23055439897643357,
      "scr_metric_threshold_5": 0.12200879013091957,
      "scr_dir2_threshold_5": 0.16102357528820657,
      "scr_dir1_threshold_10": 0.30498728338003644,
      "scr_metric_threshold_10": 0.1793204487525432,
      "scr_dir2_threshold_10": 0.21903106253390944,
      "scr_dir1_threshold_20": 0.34161543303050185,
      "scr_metric_threshold_20": 0.24971778503167005,
      "scr_dir2_threshold_20": 0.3029139423628633,
      "scr_dir1_threshold_50": 0.3614464624694764,
      "scr_metric_threshold_50": 0.3438259562676572,
      "scr_dir2_threshold_50": 0.40858163775997247,
      "scr_dir1_threshold_100": 0.40438462346526644,
      "scr_metric_threshold_100": 0.4235187173792419,
      "scr_dir2_threshold_100": 0.4909237182235637,
      "scr_dir1_threshold_500": 0.3393856896913713,
      "scr_metric_threshold_500": 0.49824090136201976,
      "scr_dir2_threshold_500": 0.5739734800467635
    }
  },
  "eval_result_details": [
    {
      "dataset_name": "LabHC/bias_in_bios_class_set1_scr_professor_nurse_results",
      "scr_dir1_threshold_2": 0.216494509613553,
      "scr_metric_threshold_2": 0.008108003614941113,
      "scr_dir2_threshold_2": 0.008108003614941113,
      "scr_dir1_threshold_5": 0.3917524379527956,
      "scr_metric_threshold_5": 0.029729668775382315,
      "scr_dir2_threshold_5": 0.029729668775382315,
      "scr_dir1_threshold_10": 0.5360823158554495,
      "scr_metric_threshold_10": 0.040540501355602915,
      "scr_dir2_threshold_10": 0.040540501355602915,
      "scr_dir1_threshold_20": 0.5257731705368719,
      "scr_metric_threshold_20": 0.059459498644397084,
      "scr_dir2_threshold_20": 0.059459498644397084,
      "scr_dir1_threshold_50": 0.47422682946312805,
      "scr_metric_threshold_50": 0.12432433303208824,
      "scr_dir2_threshold_50": 0.12432433303208824,
      "scr_dir1_threshold_100": 0.47422682946312805,
      "scr_metric_threshold_100": 0.14864866606417648,
      "scr_dir2_threshold_100": 0.14864866606417648,
      "scr_dir1_threshold_500": 0.41237134307080664,
      "scr_metric_threshold_500": 0.24594599819252944,
      "scr_dir2_threshold_500": 0.24594599819252944
    },
    {
      "dataset_name": "LabHC/bias_in_bios_class_set1_scr_architect_journalist_results",
      "scr_dir1_threshold_2": 0.1884059473336858,
      "scr_metric_threshold_2": 0.11538447577806514,
      "scr_dir2_threshold_2": 0.11538447577806514,
      "scr_dir1_threshold_5": 0.4130433092496035,
      "scr_metric_threshold_5": 0.1762820874083077,
      "scr_dir2_threshold_5": 0.1762820874083077,
      "scr_dir1_threshold_10": 0.5362318464999118,
      "scr_metric_threshold_10": 0.22435896823588006,
      "scr_dir2_threshold_10": 0.22435896823588006,
      "scr_dir1_threshold_20": 0.5289855635834655,
      "scr_metric_threshold_20": 0.3397436350544876,
      "scr_dir2_threshold_20": 0.3397436350544876,
      "scr_dir1_threshold_50": 0.5652174100833773,
      "scr_metric_threshold_50": 0.4487179364717601,
      "scr_dir2_threshold_50": 0.4487179364717601,
      "scr_dir1_threshold_100": 0.5797099759162702,
      "scr_metric_threshold_100": 0.5448716981269048,
      "scr_dir2_threshold_100": 0.5448716981269048,
      "scr_dir1_threshold_500": 0.4275363070001762,
      "scr_metric_threshold_500": 0.6506411034043234,
      "scr_dir2_threshold_500": 0.6506411034043234
    },
    {
      "dataset_name": "LabHC/bias_in_bios_class_set1_scr_surgeon_psychologist_results",
      "scr_dir1_threshold_2": 0.24637707450061677,
      "scr_metric_threshold_2": 0.04773867766347398,
      "scr_dir2_threshold_2": 0.04773867766347398,
      "scr_dir1_threshold_5": 0.4202895921660499,
      "scr_metric_threshold_5": 0.06030147969278748,
      "scr_dir2_threshold_5": 0.06030147969278748,
      "scr_dir1_threshold_10": 0.5072467148341263,
      "scr_metric_threshold_10": 0.0929648248731679,
      "scr_dir2_threshold_10": 0.0929648248731679,
      "scr_dir1_threshold_20": 0.5362318464999118,
      "scr_metric_threshold_20": 0.123115489839355,
      "scr_dir2_threshold_20": 0.123115489839355,
      "scr_dir1_threshold_50": 0.49275414900123354,
      "scr_metric_threshold_50": 0.1859296497463358,
      "scr_dir2_threshold_50": 0.1859296497463358,
      "scr_dir1_threshold_100": 0.5217392806670191,
      "scr_metric_threshold_100": 0.22613058628805638,
      "scr_dir2_threshold_100": 0.22613058628805638,
      "scr_dir1_threshold_500": 0.43478302183430256,
      "scr_metric_threshold_500": 0.2688442030439703,
      "scr_dir2_threshold_500": 0.2688442030439703
    },
    {
      "dataset_name": "LabHC/bias_in_bios_class_set1_scr_attorney_teacher_results",
      "scr_dir1_threshold_2": 0.12345667202249964,
      "scr_metric_threshold_2": 0.18543061388827486,
      "scr_dir2_threshold_2": 0.18543061388827486,
      "scr_dir1_threshold_5": 0.28395063999567316,
      "scr_metric_threshold_5": 0.23841064830896516,
      "scr_dir2_threshold_5": 0.23841064830896516,
      "scr_dir1_threshold_10": 0.339506215991779,
      "scr_metric_threshold_10": 0.35430475731834404,
      "scr_dir2_threshold_10": 0.35430475731834404,
      "scr_dir1_threshold_20": 0.358024496037211,
      "scr_metric_threshold_20": 0.4470199655793097,
      "scr_dir2_threshold_20": 0.4470199655793097,
      "scr_dir1_threshold_50": 0.339506215991779,
      "scr_metric_threshold_50": 0.5794701503142072,
      "scr_dir2_threshold_50": 0.5794701503142072,
      "scr_dir1_threshold_100": 0.4074073120181728,
      "scr_metric_threshold_100": 0.6920530441784823,
      "scr_dir2_threshold_100": 0.6920530441784823,
      "scr_dir1_threshold_500": 0.22839506399956733,
      "scr_metric_threshold_500": 0.7450330785991727,
      "scr_dir2_threshold_500": 0.7450330785991727
    },
    {
      "dataset_name": "canrager/amazon_reviews_mcauley_1and5_scr_Books_CDs_and_Vinyl_results",
      "scr_dir1_threshold_2": 0.07999984394418924,
      "scr_metric_threshold_2": 0.07999984394418924,
      "scr_dir2_threshold_2": 0.3184356146703331,
      "scr_dir1_threshold_5": 0.12363629979535014,
      "scr_metric_threshold_5": 0.12363629979535014,
      "scr_dir2_threshold_5": 0.39664788843077303,
      "scr_dir1_threshold_10": 0.14909095322790608,
      "scr_metric_threshold_10": 0.14909095322790608,