,core,absorption_fraction,absorption_full,ravel,autointerp,scr,sparse_probing,tpp,unlearning
fvu_only,1.0,0.5871888635714329,0.8684212829628457,0.6084168522884597,0.8440232276916504,0.10588251345562627,0.75320625,0.29692503064870834,0.5154639184474945
100fvu_hsic,0.9983739837398374,0.9409464514623146,0.9985897569287071,0.6390651090177385,0.819407045841217,0.09891706357000124,0.79046875,0.026775000989437102,0.20618557929992676
100fvu_cos_no_eyes,0.9983739837398374,0.9009384007685829,0.9914613989730556,0.6300401901376678,0.7909407019615173,0.07293354535250661,0.7732374999999999,0.015299993753433227,0.06185567378997803
100fvu_nce,0.9365853658536586,0.6276549736143782,0.878718347907023,0.4416415134075312,0.818815290927887,0.04732933615685024,0.77646875,0.012599995732307434,0.5154639184474945
10fvu_nce,0.9934959349593496,0.7504789762648635,0.94920447318002,0.6178312972955851,0.8195488452911377,0.11178470967703952,0.772925,0.025474996864795686,0.6804123818874359
