{
  "eval_type_id": "scr",
  "eval_config": {
    "random_seed": 42,
    "dataset_names": [
      "LabHC/bias_in_bios_class_set1",
      "canrager/amazon_reviews_mcauley_1and5"
    ],
    "perform_scr": true,
    "early_stopping_patience": 20,
    "train_set_size": 4000,
    "test_set_size": 1000,
    "context_length": 128,
    "probe_train_batch_size": 16,
    "probe_test_batch_size": 500,
    "probe_epochs": 20,
    "probe_lr": 0.001,
    "probe_l1_penalty": 0.001,
    "sae_batch_size": 125,
    "llm_batch_size": 1,
    "llm_dtype": "torch.bfloat16",
    "lower_vram_usage": false,
    "model_name": "google/gemma-2-9b",
    "n_values": [
      2,
      5,
      10,
      20,
      50,
      100,
      500
    ],
    "column1_vals_lookup": {
      "LabHC/bias_in_bios_class_set1": [
        [
          "professor",
          "nurse"
        ],
        [
          "architect",
          "journalist"
        ],
        [
          "surgeon",
          "psychologist"
        ],
        [
          "attorney",
          "teacher"
        ]
      ],
      "canrager/amazon_reviews_mcauley_1and5": [
        [
          "Books",
          "CDs_and_Vinyl"
        ],
        [
          "Software",
          "Electronics"
        ],
        [
          "Pet_Supplies",
          "Office_Products"
        ],
        [
          "Industrial_and_Scientific",
          "Toys_and_Games"
        ]
      ]
    }
  },
  "eval_id": "0e98dc8e-9bed-4a4c-b864-39c0470c351d",
  "datetime_epoch_millis": 1759807580732,
  "eval_result_metrics": {
    "scr_metrics": {
      "scr_dir1_threshold_2": 0.2801034995844893,
      "scr_metric_threshold_2": 0.05624856043462775,
      "scr_dir2_threshold_2": 0.05624856043462775,
      "scr_dir1_threshold_5": 0.35742622638329874,
      "scr_metric_threshold_5": 0.10227201555781709,
      "scr_dir2_threshold_5": 0.10227201555781709,
      "scr_dir1_threshold_10": 0.4001459777962411,
      "scr_metric_threshold_10": 0.14360739045750628,
      "scr_dir2_threshold_10": 0.14360739045750628,
      "scr_dir1_threshold_20": 0.43430346871952663,
      "scr_metric_threshold_20": 0.20588692840344547,
      "scr_dir2_threshold_20": 0.20588692840344547,
      "scr_dir1_threshold_50": 0.45307922349692153,
      "scr_metric_threshold_50": 0.29704288110320726,
      "scr_dir2_threshold_50": 0.29704288110320726,
      "scr_dir1_threshold_100": 0.4263490922995798,
      "scr_metric_threshold_100": 0.3830719058711745,
      "scr_dir2_threshold_100": 0.3830719058711745,
      "scr_dir1_threshold_500": 0.3318286577180052,
      "scr_metric_threshold_500": 0.35815020175950063,
      "scr_dir2_threshold_500": 0.35815020175950063
    }
  },
  "eval_result_details": [
    {
      "dataset_name": "LabHC/bias_in_bios_class_set1_scr_professor_nurse_results",
      "scr_dir1_threshold_2": 0.6265058250970011,
      "scr_metric_threshold_2": 0.026315764707211,
      "scr_dir2_threshold_2": 0.026315764707211,
      "scr_dir1_threshold_5": 0.7469876316777845,
      "scr_metric_threshold_5": 0.04999998431456697,
      "scr_dir2_threshold_5": 0.04999998431456697,
      "scr_dir1_threshold_10": 0.819277290128825,
      "scr_metric_threshold_10": 0.0710526588220679,
      "scr_dir2_threshold_10": 0.0710526588220679,
      "scr_dir1_threshold_20": 0.8072285349681761,
      "scr_metric_threshold_20": 0.09999996862913393,
      "scr_dir2_threshold_20": 0.09999996862913393,
      "scr_dir1_threshold_50": 0.8072285349681761,
      "scr_metric_threshold_50": 0.14999995294370091,
      "scr_dir2_threshold_50": 0.14999995294370091,
      "scr_dir1_threshold_100": 0.7108435205804774,
      "scr_metric_threshold_100": 0.2078947294121633,
      "scr_dir2_threshold_100": 0.2078947294121633,
      "scr_dir1_threshold_500": 0.3975902489678702,
      "scr_metric_threshold_500": 0.24473683137312477,
      "scr_dir2_threshold_500": 0.24473683137312477
    },
    {
      "dataset_name": "LabHC/bias_in_bios_class_set1_scr_architect_journalist_results",
      "scr_dir1_threshold_2": 0.6227544760575002,
      "scr_metric_threshold_2": 0.05923351749853221,
      "scr_dir2_threshold_2": 0.05923351749853221,
      "scr_dir1_threshold_5": 0.7664669376357165,
      "scr_metric_threshold_5": 0.12195131068952189,
      "scr_dir2_threshold_5": 0.12195131068952189,
      "scr_dir1_threshold_10": 0.7964070189264315,
      "scr_metric_threshold_10": 0.18118482818805412,
      "scr_dir2_threshold_10": 0.18118482818805412,
      "scr_dir1_threshold_20": 0.8083832655910709,
      "scr_metric_threshold_20": 0.2822300693594536,
      "scr_dir2_threshold_20": 0.2822300693594536,
      "scr_dir1_threshold_50": 0.8083832655910709,
      "scr_metric_threshold_50": 0.4668989655582764,
      "scr_dir2_threshold_50": 0.4668989655582764,
      "scr_dir1_threshold_100": 0.8263471002171464,
      "scr_metric_threshold_100": 0.6167248971508357,
      "scr_dir2_threshold_100": 0.6167248971508357,
      "scr_dir1_threshold_500": 0.730538911469643,
      "scr_metric_threshold_500": 0.32752627640646714,
      "scr_dir2_threshold_500": 0.32752627640646714
    },
    {
      "dataset_name": "LabHC/bias_in_bios_class_set1_scr_surgeon_psychologist_results",
      "scr_dir1_threshold_2": 0.5243903059537075,
      "scr_metric_threshold_2": 0.02624669123858751,
      "scr_dir2_threshold_2": 0.02624669123858751,
      "scr_dir1_threshold_5": 0.7073170554417979,
      "scr_metric_threshold_5": 0.060367452425799266,
      "scr_dir2_threshold_5": 0.060367452425799266,
      "scr_dir1_threshold_10": 0.7439026960939311,
      "scr_metric_threshold_10": 0.09448821361301102,
      "scr_dir2_threshold_10": 0.09448821361301102,
      "scr_dir1_threshold_20": 0.7560976673492129,
      "scr_metric_threshold_20": 0.1443569582548513,
      "scr_dir2_threshold_20": 0.1443569582548513,
      "scr_dir1_threshold_50": 0.7560976673492129,
      "scr_metric_threshold_50": 0.23359573975457282,
      "scr_dir2_threshold_50": 0.23359573975457282,
      "scr_dir1_threshold_100": 0.7682926386044946,
      "scr_metric_threshold_100": 0.34383209326483233,
      "scr_dir2_threshold_100": 0.34383209326483233,
      "scr_dir1_threshold_500": 0.7317077248386494,
      "scr_metric_threshold_500": 0.0682415223744235,
      "scr_dir2_threshold_500": 0.0682415223744235
    },
    {
      "dataset_name": "LabHC/bias_in_bios_class_set1_scr_attorney_teacher_results",
      "scr_dir1_threshold_2": 0.32748533934910334,
      "scr_metric_threshold_2": 0.040540622175827254,
      "scr_dir2_threshold_2": 0.040540622175827254,
      "scr_dir1_threshold_5": 0.3040934796005722,
      "scr_metric_threshold_5": 0.08108104298461395,
      "scr_dir2_threshold_5": 0.08108104298461395,
      "scr_dir1_threshold_10": 0.385964814437848,
      "scr_metric_threshold_10": 0.1587837511296691,
      "scr_dir2_threshold_10": 0.1587837511296691,
      "scr_dir1_threshold_20": 0.36842118105032445,
      "scr_metric_threshold_20": 0.260135205885717,
      "scr_dir2_threshold_20": 0.260135205885717,
      "scr_dir1_threshold_50": 0.26315798646451743,
      "scr_metric_threshold_50": 0.3108108325802206,
      "scr_dir2_threshold_50": 0.3108108325802206,
      "scr_dir1_threshold_100": 0.11695895017748938,
      "scr_metric_threshold_100": 0.429054162901103,
      "scr_dir2_threshold_100": 0.429054162901103,
      "scr_dir1_threshold_500": 0.09356709042895824,
      "scr_metric_threshold_500": 0.13851354072527575,
      "scr_dir2_threshold_500": 0.13851354072527575
    },
    {
      "dataset_name": "canrager/amazon_reviews_mcauley_1and5_scr_Books_CDs_and_Vinyl_results",
      "scr_dir1_threshold_2": 0.030303008409675463,
      "scr_metric_threshold_2": 0.12295093780817615,
      "scr_dir2_threshold_2": 0.12295093780817615,
      "scr_dir1_threshold_5": 0.03636353784353958,
      "scr_metric_threshold_5": 0.19672145163681914,
      "scr_dir2_threshold_5": 0.19672145163681914,
      "scr_dir1_threshold_10": 0.048484596711267806,
      "scr_metric_threshold_10": 0.2459016313350389,