{
  "eval_type_id": "scr",
  "eval_config": {
    "random_seed": 42,
    "dataset_names": [
      "LabHC/bias_in_bios_class_set1",
      "canrager/amazon_reviews_mcauley_1and5"
    ],
    "perform_scr": true,
    "early_stopping_patience": 20,
    "train_set_size": 4000,
    "test_set_size": 1000,
    "context_length": 128,
    "probe_train_batch_size": 16,
    "probe_test_batch_size": 500,
    "probe_epochs": 20,
    "probe_lr": 0.001,
    "probe_l1_penalty": 0.001,
    "sae_batch_size": 125,
    "llm_batch_size": 1,
    "llm_dtype": "torch.bfloat16",
    "lower_vram_usage": false,
    "model_name": "google/gemma-2-9b",
    "n_values": [
      2,
      5,
      10,
      20,
      50,
      100,
      500
    ],
    "column1_vals_lookup": {
      "LabHC/bias_in_bios_class_set1": [
        [
          "professor",
          "nurse"
        ],
        [
          "architect",
          "journalist"
        ],
        [
          "surgeon",
          "psychologist"
        ],
        [
          "attorney",
          "teacher"
        ]
      ],
      "canrager/amazon_reviews_mcauley_1and5": [
        [
          "Books",
          "CDs_and_Vinyl"
        ],
        [
          "Software",
          "Electronics"
        ],
        [
          "Pet_Supplies",
          "Office_Products"
        ],
        [
          "Industrial_and_Scientific",
          "Toys_and_Games"
        ]
      ]
    }
  },
  "eval_id": "b7343bc2-44c9-49c9-9219-dcad4163db9c",
  "datetime_epoch_millis": 1761461630514,
  "eval_result_metrics": {
    "scr_metrics": {
      "scr_dir1_threshold_2": 0.23495300070213443,
      "scr_metric_threshold_2": 0.053666294379105146,
      "scr_dir2_threshold_2": 0.053666294379105146,
      "scr_dir1_threshold_5": 0.35709026249768105,
      "scr_metric_threshold_5": 0.10671902827058255,
      "scr_dir2_threshold_5": 0.10671902827058255,
      "scr_dir1_threshold_10": 0.42589999552343083,
      "scr_metric_threshold_10": 0.14913401838128792,
      "scr_dir2_threshold_10": 0.14913401838128792,
      "scr_dir1_threshold_20": 0.4521137759224108,
      "scr_metric_threshold_20": 0.19575121995109984,
      "scr_dir2_threshold_20": 0.19575121995109984,
      "scr_dir1_threshold_50": 0.4518701845653274,
      "scr_metric_threshold_50": 0.28268519687410537,
      "scr_dir2_threshold_50": 0.28268519687410537,
      "scr_dir1_threshold_100": 0.4220143927143757,
      "scr_metric_threshold_100": 0.3684717812145286,
      "scr_dir2_threshold_100": 0.3684717812145286,
      "scr_dir1_threshold_500": 0.37529337369681337,
      "scr_metric_threshold_500": 0.39464538590319564,
      "scr_dir2_threshold_500": 0.39464538590319564
    }
  },
  "eval_result_details": [
    {
      "dataset_name": "LabHC/bias_in_bios_class_set1_scr_professor_nurse_results",
      "scr_dir1_threshold_2": 0.5421688477417381,
      "scr_metric_threshold_2": 0.01842097255331557,
      "scr_dir2_threshold_2": 0.01842097255331557,
      "scr_dir1_threshold_5": 0.7590363868384333,
      "scr_metric_threshold_5": 0.044736894114856894,
      "scr_dir2_threshold_5": 0.044736894114856894,
      "scr_dir1_threshold_10": 0.8433733641936965,
      "scr_metric_threshold_10": 0.0710526588220679,
      "scr_dir2_threshold_10": 0.0710526588220679,
      "scr_dir1_threshold_20": 0.8433733641936965,
      "scr_metric_threshold_20": 0.08947363137538347,
      "scr_dir2_threshold_20": 0.08947363137538347,
      "scr_dir1_threshold_50": 0.8313253271612607,
      "scr_metric_threshold_50": 0.11315785098273944,
      "scr_dir2_threshold_50": 0.11315785098273944,
      "scr_dir1_threshold_100": 0.8313253271612607,
      "scr_metric_threshold_100": 0.1815789647049523,
      "scr_dir2_threshold_100": 0.1815789647049523,
      "scr_dir1_threshold_500": 0.7108435205804774,
      "scr_metric_threshold_500": 0.14473686274399084,
      "scr_dir2_threshold_500": 0.14473686274399084
    },
    {
      "dataset_name": "LabHC/bias_in_bios_class_set1_scr_architect_journalist_results",
      "scr_dir1_threshold_2": 0.37125757906714124,
      "scr_metric_threshold_2": 0.07317082795005089,
      "scr_dir2_threshold_2": 0.07317082795005089,
      "scr_dir1_threshold_5": 0.7245509665942845,
      "scr_metric_threshold_5": 0.15331020728501674,
      "scr_dir2_threshold_5": 0.15331020728501674,
      "scr_dir1_threshold_10": 0.8383233468817858,
      "scr_metric_threshold_10": 0.21254351710186017,
      "scr_dir2_threshold_10": 0.21254351710186017,
      "scr_dir1_threshold_20": 0.8383233468817858,
      "scr_metric_threshold_20": 0.3031359311958872,
      "scr_dir2_threshold_20": 0.3031359311958872,
      "scr_dir1_threshold_50": 0.8263471002171464,
      "scr_metric_threshold_50": 0.4668989655582764,
      "scr_dir2_threshold_50": 0.4668989655582764,
      "scr_dir1_threshold_100": 0.8323354020064273,
      "scr_metric_threshold_100": 0.6097561380842319,
      "scr_dir2_threshold_100": 0.6097561380842319,
      "scr_dir1_threshold_500": 0.8263471002171464,
      "scr_metric_threshold_500": 0.47386772462488014,
      "scr_dir2_threshold_500": 0.47386772462488014
    },
    {
      "dataset_name": "LabHC/bias_in_bios_class_set1_scr_surgeon_psychologist_results",
      "scr_dir1_threshold_2": 0.499999636556856,
      "scr_metric_threshold_2": 0.010498707783959,
      "scr_dir2_threshold_2": 0.010498707783959,
      "scr_dir1_threshold_5": 0.6707321416759526,
      "scr_metric_threshold_5": 0.05774281459046451,
      "scr_dir2_threshold_5": 0.05774281459046451,
      "scr_dir1_threshold_10": 0.7682926386044946,
      "scr_metric_threshold_10": 0.09973748928368054,
      "scr_dir2_threshold_10": 0.09973748928368054,
      "scr_dir1_threshold_20": 0.7682926386044946,
      "scr_metric_threshold_20": 0.15748030387414505,
      "scr_dir2_threshold_20": 0.15748030387414505,
      "scr_dir1_threshold_50": 0.7439026960939311,
      "scr_metric_threshold_50": 0.2283464640839033,
      "scr_dir2_threshold_50": 0.2283464640839033,
      "scr_dir1_threshold_100": 0.7804876098597764,
      "scr_metric_threshold_100": 0.3254593155322491,
      "scr_dir2_threshold_100": 0.3254593155322491,
      "scr_dir1_threshold_500": 0.7073170554417979,
      "scr_metric_threshold_500": 0.18372699511273255,
      "scr_dir2_threshold_500": 0.18372699511273255
    },
    {
      "dataset_name": "LabHC/bias_in_bios_class_set1_scr_attorney_teacher_results",
      "scr_dir1_threshold_2": 0.28070161985204106,
      "scr_metric_threshold_2": 0.020270210404393346,
      "scr_dir2_threshold_2": 0.020270210404393346,
      "scr_dir1_threshold_5": 0.26900586426035866,
      "scr_metric_threshold_5": 0.0912162488703309,
      "scr_dir2_threshold_5": 0.0912162488703309,
      "scr_dir1_threshold_10": 0.3742690588461656,
      "scr_metric_threshold_10": 0.16216228733626845,
      "scr_dir2_threshold_10": 0.16216228733626845,
      "scr_dir1_threshold_20": 0.3742690588461656,
      "scr_metric_threshold_20": 0.2229729185494485,
      "scr_dir2_threshold_20": 0.2229729185494485,
      "scr_dir1_threshold_50": 0.26900586426035866,
      "scr_metric_threshold_50": 0.2804054162901103,
      "scr_dir2_threshold_50": 0.2804054162901103,
      "scr_dir1_threshold_100": 0.16374266967455167,
      "scr_metric_threshold_100": 0.3885135407252758,
      "scr_dir2_threshold_100": 0.3885135407252758,
      "scr_dir1_threshold_500": -0.017543981952689948,
      "scr_metric_threshold_500": 0.29729729185494486,
      "scr_dir2_threshold_500": 0.29729729185494486
    },
    {
      "dataset_name": "canrager/amazon_reviews_mcauley_1and5_scr_Books_CDs_and_Vinyl_results",
      "scr_dir1_threshold_2": 0.018181588301592347,
      "scr_metric_threshold_2": 0.14344272006265327,
      "scr_dir2_threshold_2": 0.14344272006265327,
      "scr_dir1_threshold_5": 0.030303008409675463,
      "scr_metric_threshold_5": 0.2377050161457734,
      "scr_dir2_threshold_5": 0.2377050161457734,
      "scr_dir1_threshold_10": 0.048484596711267806,
      "scr_metric_threshold_10": 0.2745902730600949,