{
  "eval_type_id": "scr",
  "eval_config": {
    "random_seed": 42,
    "dataset_names": [
      "LabHC/bias_in_bios_class_set1",
      "canrager/amazon_reviews_mcauley_1and5"
    ],
    "perform_scr": true,
    "early_stopping_patience": 20,
    "train_set_size": 4000,
    "test_set_size": 1000,
    "context_length": 128,
    "probe_train_batch_size": 16,
    "probe_test_batch_size": 500,
    "probe_epochs": 20,
    "probe_lr": 0.001,
    "probe_l1_penalty": 0.001,
    "sae_batch_size": 125,
    "llm_batch_size": 1,
    "llm_dtype": "torch.bfloat16",
    "lower_vram_usage": false,
    "model_name": "google/gemma-2-9b",
    "n_values": [
      2,
      5,
      10,
      20,
      50,
      100,
      500
    ],
    "column1_vals_lookup": {
      "LabHC/bias_in_bios_class_set1": [
        [
          "professor",
          "nurse"
        ],
        [
          "architect",
          "journalist"
        ],
        [
          "surgeon",
          "psychologist"
        ],
        [
          "attorney",
          "teacher"
        ]
      ],
      "canrager/amazon_reviews_mcauley_1and5": [
        [
          "Books",
          "CDs_and_Vinyl"
        ],
        [
          "Software",
          "Electronics"
        ],
        [
          "Pet_Supplies",
          "Office_Products"
        ],
        [
          "Industrial_and_Scientific",
          "Toys_and_Games"
        ]
      ]
    }
  },
  "eval_id": "70e4a2a3-ad1f-4b83-8488-d852ba67eb8f",
  "datetime_epoch_millis": 1761462055345,
  "eval_result_metrics": {
    "scr_metrics": {
      "scr_dir1_threshold_2": 0.302001002343602,
      "scr_metric_threshold_2": 0.04059655354666833,
      "scr_dir2_threshold_2": 0.04059655354666833,
      "scr_dir1_threshold_5": 0.3246867144764492,
      "scr_metric_threshold_5": 0.09806611839149755,
      "scr_dir2_threshold_5": 0.09806611839149755,
      "scr_dir1_threshold_10": 0.17903006822112133,
      "scr_metric_threshold_10": 0.1389478374523459,
      "scr_dir2_threshold_10": 0.1389478374523459,
      "scr_dir1_threshold_20": -0.540451698867364,
      "scr_metric_threshold_20": 0.20048664505991562,
      "scr_dir2_threshold_20": 0.20048664505991562,
      "scr_dir1_threshold_50": -0.9282398353592645,
      "scr_metric_threshold_50": 0.22728947941372368,
      "scr_dir2_threshold_50": 0.22728947941372368,
      "scr_dir1_threshold_100": -1.384228171849578,
      "scr_metric_threshold_100": 0.07510834934882046,
      "scr_dir2_threshold_100": 0.07510834934882046,
      "scr_dir1_threshold_500": -1.6716787666963473,
      "scr_metric_threshold_500": -0.16548240516071655,
      "scr_dir2_threshold_500": -0.16548240516071655
    }
  },
  "eval_result_details": [
    {
      "dataset_name": "LabHC/bias_in_bios_class_set1_scr_professor_nurse_results",
      "scr_dir1_threshold_2": 0.6024097510321298,
      "scr_metric_threshold_2": 0.010526337253750465,
      "scr_dir2_threshold_2": 0.010526337253750465,
      "scr_dir1_threshold_5": 0.6867467283873928,
      "scr_metric_threshold_5": 0.0710526588220679,
      "scr_dir2_threshold_5": 0.0710526588220679,
      "scr_dir1_threshold_10": 0.48192794445134646,
      "scr_metric_threshold_10": 0.0973684235292789,
      "scr_dir2_threshold_10": 0.0973684235292789,
      "scr_dir1_threshold_20": -1.5542168847741737,
      "scr_metric_threshold_20": 0.1815789647049523,
      "scr_dir2_threshold_20": 0.1815789647049523,
      "scr_dir1_threshold_50": -4.481927944451346,
      "scr_metric_threshold_50": -0.1552631999977413,
      "scr_dir2_threshold_50": -0.1552631999977413,
      "scr_dir1_threshold_100": -4.63855458025765,
      "scr_metric_threshold_100": -0.2973685176418771,
      "scr_dir2_threshold_100": -0.2973685176418771,
      "scr_dir1_threshold_500": -4.63855458025765,
      "scr_metric_threshold_500": -0.2947368156876917,
      "scr_dir2_threshold_500": -0.2947368156876917
    },
    {
      "dataset_name": "LabHC/bias_in_bios_class_set1_scr_architect_journalist_results",
      "scr_dir1_threshold_2": 0.6167665311821418,
      "scr_metric_threshold_2": 0.04529620704701353,
      "scr_dir2_threshold_2": 0.04529620704701353,
      "scr_dir1_threshold_5": 0.730538911469643,
      "scr_metric_threshold_5": 0.11149827593046069,
      "scr_dir2_threshold_5": 0.11149827593046069,
      "scr_dir1_threshold_10": 0.37125757906714124,
      "scr_metric_threshold_10": 0.16724751773653543,
      "scr_dir2_threshold_10": 0.16724751773653543,
      "scr_dir1_threshold_20": -1.053891860792149,
      "scr_metric_threshold_20": 0.27874579366699614,
      "scr_dir2_threshold_20": 0.27874579366699614,
      "scr_dir1_threshold_50": -1.1976043223703654,
      "scr_metric_threshold_50": 0.29268289643682605,
      "scr_dir2_threshold_50": 0.29268289643682605,
      "scr_dir1_threshold_100": -1.7065860612264419,
      "scr_metric_threshold_100": -0.5679442067296759,
      "scr_dir2_threshold_100": -0.5679442067296759,
      "scr_dir1_threshold_500": -1.7305381976417984,
      "scr_metric_threshold_500": -0.7212544140146927,
      "scr_dir2_threshold_500": -0.7212544140146927
    },
    {
      "dataset_name": "LabHC/bias_in_bios_class_set1_scr_surgeon_psychologist_results",
      "scr_dir1_threshold_2": 0.5731709178611225,
      "scr_metric_threshold_2": 0.041994831135836,
      "scr_dir2_threshold_2": 0.041994831135836,
      "scr_dir1_threshold_5": 0.6707321416759526,
      "scr_metric_threshold_5": 0.07874023015838251,
      "scr_dir2_threshold_5": 0.07874023015838251,
      "scr_dir1_threshold_10": 0.6951220841865161,
      "scr_metric_threshold_10": 0.08398950582905201,
      "scr_dir2_threshold_10": 0.08398950582905201,
      "scr_dir1_threshold_20": -0.14634183572224513,
      "scr_metric_threshold_20": 0.12073490485159853,
      "scr_dir2_threshold_20": 0.12073490485159853,
      "scr_dir1_threshold_50": -0.5243910328399957,
      "scr_metric_threshold_50": 0.2939631921803721,
      "scr_dir2_threshold_50": 0.2939631921803721,
      "scr_dir1_threshold_100": -2.8292704024260558,
      "scr_metric_threshold_100": 0.34383209326483233,
      "scr_dir2_threshold_100": 0.34383209326483233,
      "scr_dir1_threshold_500": -4.792686215546499,
      "scr_metric_threshold_500": 0.3228346776969143,
      "scr_dir2_threshold_500": 0.3228346776969143
    },
    {
      "dataset_name": "LabHC/bias_in_bios_class_set1_scr_attorney_teacher_results",
      "scr_dir1_threshold_2": 0.39766091859469677,
      "scr_metric_threshold_2": 0.027027081450551504,
      "scr_dir2_threshold_2": 0.027027081450551504,
      "scr_dir1_threshold_5": 0.43274853393491036,
      "scr_metric_threshold_5": 0.10472978959560665,
      "scr_dir2_threshold_5": 0.10472978959560665,
      "scr_dir1_threshold_10": 0.08771921263311704,
      "scr_metric_threshold_10": 0.1891891674197794,
      "scr_dir2_threshold_10": 0.1891891674197794,
      "scr_dir1_threshold_20": -1.3625733032544833,
      "scr_metric_threshold_20": 0.20270270814505514,
      "scr_dir2_threshold_20": 0.20270270814505514,
      "scr_dir1_threshold_50": -1.7134505023521178,
      "scr_metric_threshold_50": 0.260135205885717,
      "scr_dir2_threshold_50": 0.260135205885717,
      "scr_dir1_threshold_100": -1.74269023989649,
      "scr_metric_threshold_100": 0.08108104298461395,
      "scr_dir2_threshold_100": 0.08108104298461395,
      "scr_dir1_threshold_500": -1.5730993438609309,
      "scr_metric_threshold_500": -0.39527021040439336,
      "scr_dir2_threshold_500": -0.39527021040439336
    },
    {
      "dataset_name": "canrager/amazon_reviews_mcauley_1and5_scr_Books_CDs_and_Vinyl_results",
      "scr_dir1_threshold_2": -0.030303008409675463,
      "scr_metric_threshold_2": 0.0819673732992219,
      "scr_dir2_threshold_2": 0.0819673732992219,
      "scr_dir1_threshold_5": -0.1515154032887322,
      "scr_metric_threshold_5": 0.17622966938234202,
      "scr_dir2_threshold_5": 0.17622966938234202,
      "scr_dir1_threshold_10": -0.406060890674219,