{
  "eval_type_id": "scr",
  "eval_config": {
    "random_seed": 42,
    "dataset_names": [
      "LabHC/bias_in_bios_class_set1",
      "canrager/amazon_reviews_mcauley_1and5"
    ],
    "perform_scr": true,
    "early_stopping_patience": 20,
    "train_set_size": 4000,
    "test_set_size": 1000,
    "context_length": 128,
    "probe_train_batch_size": 16,
    "probe_test_batch_size": 500,
    "probe_epochs": 20,
    "probe_lr": 0.001,
    "probe_l1_penalty": 0.001,
    "sae_batch_size": 125,
    "llm_batch_size": 1,
    "llm_dtype": "torch.bfloat16",
    "lower_vram_usage": false,
    "model_name": "google/gemma-2-2b",
    "n_values": [
      2,
      5,
      10,
      20,
      50,
      100,
      500
    ],
    "column1_vals_lookup": {
      "LabHC/bias_in_bios_class_set1": [
        [
          "professor",
          "nurse"
        ],
        [
          "architect",
          "journalist"
        ],
        [
          "surgeon",
          "psychologist"
        ],
        [
          "attorney",
          "teacher"
        ]
      ],
      "canrager/amazon_reviews_mcauley_1and5": [
        [
          "Books",
          "CDs_and_Vinyl"
        ],
        [
          "Software",
          "Electronics"
        ],
        [
          "Pet_Supplies",
          "Office_Products"
        ],
        [
          "Industrial_and_Scientific",
          "Toys_and_Games"
        ]
      ]
    }
  },
  "eval_id": "e18fccdd-dd65-4cf3-941c-ba8d14fa823a",
  "datetime_epoch_millis": 1766890863031,
  "eval_result_metrics": {
    "scr_metrics": {
      "scr_dir1_threshold_2": 0.11384835029456816,
      "scr_metric_threshold_2": 0.05207438368628532,
      "scr_dir2_threshold_2": 0.05207438368628532,
      "scr_dir1_threshold_5": 0.32381969152407614,
      "scr_metric_threshold_5": 0.07544322245881854,
      "scr_dir2_threshold_5": 0.07544322245881854,
      "scr_dir1_threshold_10": 0.3708735131012205,
      "scr_metric_threshold_10": 0.09891706357000124,
      "scr_dir2_threshold_10": 0.09891706357000124,
      "scr_dir1_threshold_20": 0.3730259305341294,
      "scr_metric_threshold_20": 0.12674077633000866,
      "scr_dir2_threshold_20": 0.12674077633000866,
      "scr_dir1_threshold_50": 0.33404343406543013,
      "scr_metric_threshold_50": 0.18193504455930384,
      "scr_dir2_threshold_50": 0.18193504455930384,
      "scr_dir1_threshold_100": 0.3234231757254564,
      "scr_metric_threshold_100": 0.2206744341045403,
      "scr_dir2_threshold_100": 0.2206744341045403,
      "scr_dir1_threshold_500": 0.07977052460135192,
      "scr_metric_threshold_500": 0.26804548916980786,
      "scr_dir2_threshold_500": 0.26804548916980786
    }
  },
  "eval_result_details": [
    {
      "dataset_name": "LabHC/bias_in_bios_class_set1_scr_professor_nurse_results",
      "scr_dir1_threshold_2": 0.2000011920916639,
      "scr_metric_threshold_2": -0.011764694332664312,
      "scr_dir2_threshold_2": -0.011764694332664312,
      "scr_dir1_threshold_5": 0.5666667328939813,
      "scr_metric_threshold_5": 0.002352910817289049,
      "scr_dir2_threshold_5": 0.002352910817289049,
      "scr_dir1_threshold_10": 0.6333344591976826,
      "scr_metric_threshold_10": 0.009411783515375263,
      "scr_dir2_threshold_10": 0.009411783515375263,
      "scr_dir1_threshold_20": 0.5666667328939813,
      "scr_metric_threshold_20": 0.01647051596724241,
      "scr_dir2_threshold_20": 0.01647051596724241,
      "scr_dir1_threshold_50": 0.6666673289398133,
      "scr_metric_threshold_50": 0.037646993815281984,
      "scr_dir2_threshold_50": 0.037646993815281984,
      "scr_dir1_threshold_100": 0.6333344591976826,
      "scr_metric_threshold_100": 0.07764703869407209,
      "scr_dir2_threshold_100": 0.07764703869407209,
      "scr_dir1_threshold_500": -0.7333310816046349,
      "scr_metric_threshold_500": 0.11529417275557315,
      "scr_dir2_threshold_500": 0.11529417275557315
    },
    {
      "dataset_name": "LabHC/bias_in_bios_class_set1_scr_architect_journalist_results",
      "scr_dir1_threshold_2": -0.054794621212554205,
      "scr_metric_threshold_2": 0.026246695344689295,
      "scr_dir2_threshold_2": 0.026246695344689295,
      "scr_dir1_threshold_5": 0.5068492255888407,
      "scr_metric_threshold_5": 0.07086601485360332,
      "scr_dir2_threshold_5": 0.07086601485360332,
      "scr_dir1_threshold_10": 0.5890415656585863,
      "scr_metric_threshold_10": 0.12860883847750645,
      "scr_dir2_threshold_10": 0.12860883847750645,
      "scr_dir1_threshold_20": 0.6849315404041847,
      "scr_metric_threshold_20": 0.18635166210140958,
      "scr_dir2_threshold_20": 0.18635166210140958,
      "scr_dir1_threshold_50": 0.7260277104390576,
      "scr_metric_threshold_50": 0.2650917481354775,
      "scr_dir2_threshold_50": 0.2650917481354775,
      "scr_dir1_threshold_100": 0.5205484932683506,
      "scr_metric_threshold_100": 0.3044619475951558,
      "scr_dir2_threshold_100": 0.3044619475951558,
      "scr_dir1_threshold_500": -0.013698451177681412,
      "scr_metric_threshold_500": 0.16010496675672026,
      "scr_dir2_threshold_500": 0.16010496675672026
    },
    {
      "dataset_name": "LabHC/bias_in_bios_class_set1_scr_surgeon_psychologist_results",
      "scr_dir1_threshold_2": 0.44444518030398356,
      "scr_metric_threshold_2": 0.00982788316962559,
      "scr_dir2_threshold_2": 0.00982788316962559,
      "scr_dir1_threshold_5": 0.6666666666666666,
      "scr_metric_threshold_5": 0.03194091319879672,
      "scr_dir2_threshold_5": 0.03194091319879672,
      "scr_dir1_threshold_10": 0.7037032131306776,
      "scr_metric_threshold_10": 0.039311972024772684,
      "scr_dir2_threshold_10": 0.039311972024772684,
      "scr_dir1_threshold_20": 0.6666666666666666,
      "scr_metric_threshold_20": 0.04914000164315505,
      "scr_dir2_threshold_20": 0.04914000164315505,
      "scr_dir1_threshold_50": 0.5925913661600274,
      "scr_metric_threshold_50": 0.07862394404954537,
      "scr_dir2_threshold_50": 0.07862394404954537,
      "scr_dir1_threshold_100": 0.7777763060586995,
      "scr_metric_threshold_100": 0.07862394404954537,
      "scr_dir2_threshold_100": 0.07862394404954537,
      "scr_dir1_threshold_500": 0.0740730929280219,
      "scr_metric_threshold_500": 0.17690409378461225,
      "scr_dir2_threshold_500": 0.17690409378461225
    },
    {
      "dataset_name": "LabHC/bias_in_bios_class_set1_scr_attorney_teacher_results",
      "scr_dir1_threshold_2": 0.23655931207263306,
      "scr_metric_threshold_2": 0.059139667790609515,
      "scr_dir2_threshold_2": 0.059139667790609515,
      "scr_dir1_threshold_5": 0.4731179832350711,
      "scr_metric_threshold_5": 0.040322544464747055,
      "scr_dir2_threshold_5": 0.040322544464747055,
      "scr_dir1_threshold_10": 0.6236556107521658,
      "scr_metric_threshold_10": 0.05107525503418935,
      "scr_dir2_threshold_10": 0.05107525503418935,
      "scr_dir1_threshold_20": 0.6344088020042543,
      "scr_metric_threshold_20": 0.08602152432798964,
      "scr_dir2_threshold_20": 0.08602152432798964,
      "scr_dir1_threshold_50": 0.17204272820088176,
      "scr_metric_threshold_50": 0.11827949580876777,
      "scr_dir2_threshold_50": 0.11827949580876777,
      "scr_dir1_threshold_100": 0.2688169630983137,
      "scr_metric_threshold_100": 0.13172034396368346,
      "scr_dir2_threshold_100": 0.13172034396368346,
      "scr_dir1_threshold_500": 0.569892218132503,
      "scr_metric_threshold_500": 0.15591390268804145,
      "scr_dir2_threshold_500": 0.15591390268804145
    },
    {
      "dataset_name": "canrager/amazon_reviews_mcauley_1and5_scr_Books_CDs_and_Vinyl_results",
      "scr_dir1_threshold_2": -0.027972083353132077,
      "scr_metric_threshold_2": 0.18828457100246773,
      "scr_dir2_threshold_2": 0.18828457100246773,
      "scr_dir1_threshold_5": -0.006992916634363452,
      "scr_metric_threshold_5": 0.21338909733886485,
      "scr_dir2_threshold_5": 0.21338909733886485,
      "scr_dir1_threshold_10": -0.027972083353132077,