{
  "eval_type_id": "scr",
  "eval_config": {
    "random_seed": 42,
    "dataset_names": [
      "LabHC/bias_in_bios_class_set1",
      "canrager/amazon_reviews_mcauley_1and5"
    ],
    "perform_scr": true,
    "early_stopping_patience": 20,
    "train_set_size": 4000,
    "test_set_size": 1000,
    "context_length": 128,
    "probe_train_batch_size": 16,
    "probe_test_batch_size": 500,
    "probe_epochs": 20,
    "probe_lr": 0.001,
    "probe_l1_penalty": 0.001,
    "sae_batch_size": 125,
    "llm_batch_size": 1,
    "llm_dtype": "torch.bfloat16",
    "lower_vram_usage": false,
    "model_name": "google/gemma-2-2b",
    "n_values": [
      2,
      5,
      10,
      20,
      50,
      100,
      500
    ],
    "column1_vals_lookup": {
      "LabHC/bias_in_bios_class_set1": [
        [
          "professor",
          "nurse"
        ],
        [
          "architect",
          "journalist"
        ],
        [
          "surgeon",
          "psychologist"
        ],
        [
          "attorney",
          "teacher"
        ]
      ],
      "canrager/amazon_reviews_mcauley_1and5": [
        [
          "Books",
          "CDs_and_Vinyl"
        ],
        [
          "Software",
          "Electronics"
        ],
        [
          "Pet_Supplies",
          "Office_Products"
        ],
        [
          "Industrial_and_Scientific",
          "Toys_and_Games"
        ]
      ]
    }
  },
  "eval_id": "68361efe-c60e-408c-9796-9420cae4110f",
  "datetime_epoch_millis": 1767170264049,
  "eval_result_metrics": {
    "scr_metrics": {
      "scr_dir1_threshold_2": 0.07053849795565532,
      "scr_metric_threshold_2": 0.0614633091521886,
      "scr_dir2_threshold_2": 0.0614633091521886,
      "scr_dir1_threshold_5": 0.13668822099760847,
      "scr_metric_threshold_5": 0.0979666587342381,
      "scr_dir2_threshold_5": 0.0979666587342381,
      "scr_dir1_threshold_10": 0.22167892522545848,
      "scr_metric_threshold_10": 0.14143529811880862,
      "scr_dir2_threshold_10": 0.14143529811880862,
      "scr_dir1_threshold_20": 0.28532510835736447,
      "scr_metric_threshold_20": 0.17701600500309234,
      "scr_dir2_threshold_20": 0.17701600500309234,
      "scr_dir1_threshold_50": 0.33217441768237665,
      "scr_metric_threshold_50": 0.23395745869757562,
      "scr_dir2_threshold_50": 0.23395745869757562,
      "scr_dir1_threshold_100": 0.3213851306053045,
      "scr_metric_threshold_100": 0.2802135410979856,
      "scr_dir2_threshold_100": 0.2802135410979856,
      "scr_dir1_threshold_500": 0.15607275750784474,
      "scr_metric_threshold_500": 0.34802414963897177,
      "scr_dir2_threshold_500": 0.34802414963897177
    }
  },
  "eval_result_details": [
    {
      "dataset_name": "LabHC/bias_in_bios_class_set1_scr_professor_nurse_results",
      "scr_dir1_threshold_2": 0.2333340618337946,
      "scr_metric_threshold_2": 0.0,
      "scr_dir2_threshold_2": 0.0,
      "scr_dir1_threshold_5": 0.29999980131805604,
      "scr_metric_threshold_5": 0.009411783515375263,
      "scr_dir2_threshold_5": 0.009411783515375263,
      "scr_dir1_threshold_10": 0.400000397363888,
      "scr_metric_threshold_10": 0.025882299482617672,
      "scr_dir2_threshold_10": 0.025882299482617672,
      "scr_dir1_threshold_20": 0.5333338631518506,
      "scr_metric_threshold_20": 0.03294117218070389,
      "scr_dir2_threshold_20": 0.03294117218070389,
      "scr_dir1_threshold_50": 0.7333330684240746,
      "scr_metric_threshold_50": 0.04705877733065725,
      "scr_dir2_threshold_50": 0.04705877733065725,
      "scr_dir1_threshold_100": 0.5666667328939813,
      "scr_metric_threshold_100": 0.06823525517869683,
      "scr_dir2_threshold_100": 0.06823525517869683,
      "scr_dir1_threshold_500": 0.5666667328939813,
      "scr_metric_threshold_500": 0.14352938305547985,
      "scr_dir2_threshold_500": 0.14352938305547985
    },
    {
      "dataset_name": "LabHC/bias_in_bios_class_set1_scr_architect_journalist_results",
      "scr_dir1_threshold_2": 0.08219234006974559,
      "scr_metric_threshold_2": 0.06036730542719871,
      "scr_dir2_threshold_2": 0.06036730542719871,
      "scr_dir1_threshold_5": 0.13698696128229979,
      "scr_metric_threshold_5": 0.13648290965797102,
      "scr_dir2_threshold_5": 0.13648290965797102,
      "scr_dir1_threshold_10": 0.30137000841813383,
      "scr_metric_threshold_10": 0.2152229956920389,
      "scr_dir2_threshold_10": 0.2152229956920389,
      "scr_dir1_threshold_20": 0.5068492255888407,
      "scr_metric_threshold_20": 0.24934376221719276,
      "scr_dir2_threshold_20": 0.24934376221719276,
      "scr_dir1_threshold_50": 0.4931507744111593,
      "scr_metric_threshold_50": 0.3753281188914036,
      "scr_dir2_threshold_50": 0.3753281188914036,
      "scr_dir1_threshold_100": 0.4657538720557965,
      "scr_metric_threshold_100": 0.36745404771093904,
      "scr_dir2_threshold_100": 0.36745404771093904,
      "scr_dir1_threshold_500": -0.4657530555539679,
      "scr_metric_threshold_500": 0.43044614782672225,
      "scr_dir2_threshold_500": 0.43044614782672225
    },
    {
      "dataset_name": "LabHC/bias_in_bios_class_set1_scr_surgeon_psychologist_results",
      "scr_dir1_threshold_2": 0.03703654646401095,
      "scr_metric_threshold_2": 0.01719894199560156,
      "scr_dir2_threshold_2": 0.01719894199560156,
      "scr_dir1_threshold_5": 0.29629678686932237,
      "scr_metric_threshold_5": 0.04422591360958548,
      "scr_dir2_threshold_5": 0.04422591360958548,
      "scr_dir1_threshold_10": 0.29629678686932237,
      "scr_metric_threshold_10": 0.08599500287552134,
      "scr_dir2_threshold_10": 0.08599500287552134,
      "scr_dir1_threshold_20": 0.37036987979734426,
      "scr_metric_threshold_20": 0.1007369740787165,
      "scr_dir2_threshold_20": 0.1007369740787165,
      "scr_dir1_threshold_50": 0.4814817267679945,
      "scr_metric_threshold_50": 0.1253071213490508,
      "scr_dir2_threshold_50": 0.1253071213490508,
      "scr_dir1_threshold_100": 0.5555548196960164,
      "scr_metric_threshold_100": 0.1646190933738235,
      "scr_dir2_threshold_100": 0.1646190933738235,
      "scr_dir1_threshold_500": 0.0740730929280219,
      "scr_metric_threshold_500": 0.23587212504614966,
      "scr_dir2_threshold_500": 0.23587212504614966
    },
    {
      "dataset_name": "LabHC/bias_in_bios_class_set1_scr_attorney_teacher_results",
      "scr_dir1_threshold_2": 0.0430108422777692,
      "scr_metric_threshold_2": 0.03494610906625153,
      "scr_dir2_threshold_2": 0.03494610906625153,
      "scr_dir1_threshold_5": 0.05376339261966274,
      "scr_metric_threshold_5": 0.0833332265149675,
      "scr_dir2_threshold_5": 0.0833332265149675,
      "scr_dir1_threshold_10": 0.30107525503418936,
      "scr_metric_threshold_10": 0.11559135822329439,
      "scr_dir2_threshold_10": 0.11559135822329439,
      "scr_dir1_threshold_20": 0.4086020402735148,
      "scr_metric_threshold_20": 0.15591390268804145,
      "scr_dir2_threshold_20": 0.15591390268804145,
      "scr_dir1_threshold_50": 0.36559119799574563,
      "scr_metric_threshold_50": 0.2150537307061997,
      "scr_dir2_threshold_50": 0.2150537307061997,
      "scr_dir1_threshold_100": 0.3763437483376392,
      "scr_metric_threshold_100": 0.2553762751709468,
      "scr_dir2_threshold_100": 0.2553762751709468,
      "scr_dir1_threshold_500": 0.27956951344020725,
      "scr_metric_threshold_500": 0.3682794958087678,
      "scr_dir2_threshold_500": 0.3682794958087678
    },
    {
      "dataset_name": "canrager/amazon_reviews_mcauley_1and5_scr_Books_CDs_and_Vinyl_results",
      "scr_dir1_threshold_2": 0.013985833268726903,
      "scr_metric_threshold_2": 0.17154813698093774,
      "scr_dir2_threshold_2": 0.17154813698093774,
      "scr_dir1_threshold_5": 0.027972083353132077,
      "scr_metric_threshold_5": 0.2426776698326955,
      "scr_dir2_threshold_5": 0.2426776698326955,
      "scr_dir1_threshold_10": 0.006992916634363452,
      "scr_metric_threshold_10": 0.330543886097779,