{
  "eval_type_id": "scr",
  "eval_config": {
    "random_seed": 42,
    "dataset_names": [
      "LabHC/bias_in_bios_class_set1",
      "canrager/amazon_reviews_mcauley_1and5"
    ],
    "perform_scr": true,
    "early_stopping_patience": 20,
    "train_set_size": 4000,
    "test_set_size": 1000,
    "context_length": 128,
    "probe_train_batch_size": 16,
    "probe_test_batch_size": 500,
    "probe_epochs": 20,
    "probe_lr": 0.001,
    "probe_l1_penalty": 0.001,
    "sae_batch_size": 125,
    "llm_batch_size": 1,
    "llm_dtype": "torch.bfloat16",
    "lower_vram_usage": false,
    "model_name": "google/gemma-2-2b",
    "n_values": [
      2,
      5,
      10,
      20,
      50,
      100,
      500
    ],
    "column1_vals_lookup": {
      "LabHC/bias_in_bios_class_set1": [
        [
          "professor",
          "nurse"
        ],
        [
          "architect",
          "journalist"
        ],
        [
          "surgeon",
          "psychologist"
        ],
        [
          "attorney",
          "teacher"
        ]
      ],
      "canrager/amazon_reviews_mcauley_1and5": [
        [
          "Books",
          "CDs_and_Vinyl"
        ],
        [
          "Software",
          "Electronics"
        ],
        [
          "Pet_Supplies",
          "Office_Products"
        ],
        [
          "Industrial_and_Scientific",
          "Toys_and_Games"
        ]
      ]
    }
  },
  "eval_id": "304c991d-ce3f-42c9-9c1e-541801830040",
  "datetime_epoch_millis": 1767167946326,
  "eval_result_metrics": {
    "scr_metrics": {
      "scr_dir1_threshold_2": 0.08828439927414758,
      "scr_metric_threshold_2": 0.038891243129497134,
      "scr_dir2_threshold_2": 0.038891243129497134,
      "scr_dir1_threshold_5": 0.22990655150288233,
      "scr_metric_threshold_5": 0.02725557439434722,
      "scr_dir2_threshold_5": 0.02725557439434722,
      "scr_dir1_threshold_10": 0.18969800548244165,
      "scr_metric_threshold_10": 0.06283585500206235,
      "scr_dir2_threshold_10": 0.06283585500206235,
      "scr_dir1_threshold_20": -0.6481850366684001,
      "scr_metric_threshold_20": 0.05821896592894047,
      "scr_dir2_threshold_20": 0.05821896592894047,
      "scr_dir1_threshold_50": -2.192604100630154,
      "scr_metric_threshold_50": -0.06720057713830148,
      "scr_dir2_threshold_50": -0.06720057713830148,
      "scr_dir1_threshold_100": -3.0711156504804378,
      "scr_metric_threshold_100": -0.27148582959861145,
      "scr_dir2_threshold_100": -0.27148582959861145,
      "scr_dir1_threshold_500": -5.7683932031983645,
      "scr_metric_threshold_500": -0.3503965988481208,
      "scr_dir2_threshold_500": -0.3503965988481208
    }
  },
  "eval_result_details": [
    {
      "dataset_name": "LabHC/bias_in_bios_class_set1_scr_professor_nurse_results",
      "scr_dir1_threshold_2": 0.2000011920916639,
      "scr_metric_threshold_2": 0.12235290520744029,
      "scr_dir2_threshold_2": 0.12235290520744029,
      "scr_dir1_threshold_5": 0.36666752762175725,
      "scr_metric_threshold_5": 0.16235295008623038,
      "scr_dir2_threshold_5": 0.16235295008623038,
      "scr_dir1_threshold_10": 0.36666752762175725,
      "scr_metric_threshold_10": 0.16000003926894135,
      "scr_dir2_threshold_10": 0.16000003926894135,
      "scr_dir1_threshold_20": -2.199997218452784,
      "scr_metric_threshold_20": 0.16235295008623038,
      "scr_dir2_threshold_20": 0.16235295008623038,
      "scr_dir1_threshold_50": -10.433321346189379,
      "scr_metric_threshold_50": -0.0847059113921583,
      "scr_dir2_threshold_50": -0.0847059113921583,
      "scr_dir1_threshold_100": -7.6999922514041845,
      "scr_metric_threshold_100": -0.12705886708823746,
      "scr_dir2_threshold_100": -0.12705886708823746,
      "scr_dir1_threshold_500": -14.466652229112071,
      "scr_metric_threshold_500": -0.10588238924019788,
      "scr_dir2_threshold_500": -0.10588238924019788
    },
    {
      "dataset_name": "LabHC/bias_in_bios_class_set1_scr_architect_journalist_results",
      "scr_dir1_threshold_2": 0.095890791247427,
      "scr_metric_threshold_2": 0.0,
      "scr_dir2_threshold_2": 0.0,
      "scr_dir1_threshold_5": 0.5205484932683506,
      "scr_metric_threshold_5": -0.007874071180464568,
      "scr_dir2_threshold_5": -0.007874071180464568,
      "scr_dir1_threshold_10": 0.027397718857191382,
      "scr_metric_threshold_10": 0.06824137660766329,
      "scr_dir2_threshold_10": 0.06824137660766329,
      "scr_dir1_threshold_20": -0.3287669107734967,
      "scr_metric_threshold_20": 0.14173218614985109,
      "scr_dir2_threshold_20": 0.14173218614985109,
      "scr_dir1_threshold_50": -2.6849307239023563,
      "scr_metric_threshold_50": -0.11023637075592617,
      "scr_dir2_threshold_50": -0.11023637075592617,
      "scr_dir1_threshold_100": 0.3287677272753252,
      "scr_metric_threshold_100": -0.24146984747937264,
      "scr_dir2_threshold_100": -0.24146984747937264,
      "scr_dir1_threshold_500": -4.671232272724675,
      "scr_metric_threshold_500": -0.26246726633218187,
      "scr_dir2_threshold_500": -0.26246726633218187
    },
    {
      "dataset_name": "LabHC/bias_in_bios_class_set1_scr_surgeon_psychologist_results",
      "scr_dir1_threshold_2": 0.11111184697065024,
      "scr_metric_threshold_2": 0.01719894199560156,
      "scr_dir2_threshold_2": 0.01719894199560156,
      "scr_dir1_threshold_5": 0.29629678686932237,
      "scr_metric_threshold_5": 0.03439803043995989,
      "scr_dir2_threshold_5": 0.03439803043995989,
      "scr_dir1_threshold_10": 0.29629678686932237,
      "scr_metric_threshold_10": 0.04668303085074865,
      "scr_dir2_threshold_10": 0.04668303085074865,
      "scr_dir1_threshold_20": -0.37036987979734426,
      "scr_metric_threshold_20": 0.14742015137822193,
      "scr_dir2_threshold_20": 0.14742015137822193,
      "scr_dir1_threshold_50": -1.6296301202026557,
      "scr_metric_threshold_50": -0.13022120938262036,
      "scr_dir2_threshold_50": -0.13022120938262036,
      "scr_dir1_threshold_100": -13.666662251509432,
      "scr_metric_threshold_100": -0.13759226820859632,
      "scr_dir2_threshold_100": -0.13759226820859632,
      "scr_dir1_threshold_500": -16.148143978277428,
      "scr_metric_threshold_500": -0.13759226820859632,
      "scr_dir2_threshold_500": -0.13759226820859632
    },
    {
      "dataset_name": "LabHC/bias_in_bios_class_set1_scr_attorney_teacher_results",
      "scr_dir1_threshold_2": 0.17204272820088176,
      "scr_metric_threshold_2": -0.0322581317083269,
      "scr_dir2_threshold_2": -0.0322581317083269,
      "scr_dir1_threshold_5": 0.44086033220939047,
      "scr_metric_threshold_5": -0.053763552847211495,
      "scr_dir2_threshold_5": -0.053763552847211495,
      "scr_dir1_threshold_10": 0.5161288255128403,
      "scr_metric_threshold_10": 0.02688169630983137,
      "scr_dir2_threshold_10": 0.02688169630983137,
      "scr_dir1_threshold_20": -0.2043010201367574,
      "scr_metric_threshold_20": -0.2849462692938003,
      "scr_dir2_threshold_20": -0.2849462692938003,
      "scr_dir1_threshold_50": 0.3763437483376392,
      "scr_metric_threshold_50": -0.32258067617307395,
      "scr_dir2_threshold_50": -0.32258067617307395,
      "scr_dir1_threshold_100": 0.6236556107521658,
      "scr_metric_threshold_100": -0.3252689739860961,
      "scr_dir2_threshold_100": -0.3252689739860961,
      "scr_dir1_threshold_500": -3.2043016610469524,
      "scr_metric_threshold_500": -0.19623660738033727,
      "scr_dir2_threshold_500": -0.19623660738033727
    },
    {
      "dataset_name": "canrager/amazon_reviews_mcauley_1and5_scr_Books_CDs_and_Vinyl_results",
      "scr_dir1_threshold_2": 0.22377625000937834,
      "scr_metric_threshold_2": 0.02928857249383067,
      "scr_dir2_threshold_2": 0.02928857249383067,
      "scr_dir1_threshold_5": 0.17482499993747766,
      "scr_metric_threshold_5": -0.03347286804305999,
      "scr_dir2_threshold_5": -0.03347286804305999,
      "scr_dir1_threshold_10": 0.36363624995936045,