{
  "eval_type_id": "scr",
  "eval_config": {
    "random_seed": 42,
    "dataset_names": [
      "LabHC/bias_in_bios_class_set1",
      "canrager/amazon_reviews_mcauley_1and5"
    ],
    "perform_scr": true,
    "early_stopping_patience": 20,
    "train_set_size": 4000,
    "test_set_size": 1000,
    "context_length": 128,
    "probe_train_batch_size": 16,
    "probe_test_batch_size": 500,
    "probe_epochs": 20,
    "probe_lr": 0.001,
    "probe_l1_penalty": 0.001,
    "sae_batch_size": 125,
    "llm_batch_size": 1,
    "llm_dtype": "torch.bfloat16",
    "lower_vram_usage": false,
    "model_name": "google/gemma-2-2b",
    "n_values": [
      2,
      5,
      10,
      20,
      50,
      100,
      500
    ],
    "column1_vals_lookup": {
      "LabHC/bias_in_bios_class_set1": [
        [
          "professor",
          "nurse"
        ],
        [
          "architect",
          "journalist"
        ],
        [
          "surgeon",
          "psychologist"
        ],
        [
          "attorney",
          "teacher"
        ]
      ],
      "canrager/amazon_reviews_mcauley_1and5": [
        [
          "Books",
          "CDs_and_Vinyl"
        ],
        [
          "Software",
          "Electronics"
        ],
        [
          "Pet_Supplies",
          "Office_Products"
        ],
        [
          "Industrial_and_Scientific",
          "Toys_and_Games"
        ]
      ]
    }
  },
  "eval_id": "1c0a3a8f-655e-4f8a-9db8-5c18023b7159",
  "datetime_epoch_millis": 1755489576690,
  "eval_result_metrics": {
    "scr_metrics": {
      "scr_dir1_threshold_2": 0.19369960212952472,
      "scr_metric_threshold_2": 0.05692593396700107,
      "scr_dir2_threshold_2": 0.05692593396700107,
      "scr_dir1_threshold_5": 0.3620974422184859,
      "scr_metric_threshold_5": 0.1355303096076176,
      "scr_dir2_threshold_5": 0.1355303096076176,
      "scr_dir1_threshold_10": 0.3827669145861753,
      "scr_metric_threshold_10": 0.20323890218452847,
      "scr_dir2_threshold_10": 0.20323890218452847,
      "scr_dir1_threshold_20": 0.36062295492203367,
      "scr_metric_threshold_20": 0.27946788105846954,
      "scr_dir2_threshold_20": 0.27946788105846954,
      "scr_dir1_threshold_50": 0.34424666677091487,
      "scr_metric_threshold_50": 0.3566547796283231,
      "scr_dir2_threshold_50": 0.3566547796283231,
      "scr_dir1_threshold_100": 0.3129709055532779,
      "scr_metric_threshold_100": 0.42858348564486937,
      "scr_dir2_threshold_100": 0.42858348564486937,
      "scr_dir1_threshold_500": 0.2101052417679757,
      "scr_metric_threshold_500": 0.49892397867199784,
      "scr_dir2_threshold_500": 0.49892397867199784
    }
  },
  "eval_result_details": [
    {
      "dataset_name": "LabHC/bias_in_bios_class_set1_scr_professor_nurse_results",
      "scr_dir1_threshold_2": 0.39285702881775364,
      "scr_metric_threshold_2": 0.029055749827896996,
      "scr_dir2_threshold_2": 0.029055749827896996,
      "scr_dir1_threshold_5": 0.6071429711822464,
      "scr_metric_threshold_5": 0.03631957904398765,
      "scr_dir2_threshold_5": 0.03631957904398765,
      "scr_dir1_threshold_10": 0.6428567627258455,
      "scr_metric_threshold_10": 0.04358355258125643,
      "scr_dir2_threshold_10": 0.04358355258125643,
      "scr_dir1_threshold_20": 0.6071429711822464,
      "scr_metric_threshold_20": 0.08232440803060763,
      "scr_dir2_threshold_20": 0.08232440803060763,
      "scr_dir1_threshold_50": 0.6964285144088769,
      "scr_metric_threshold_50": 0.11622271066923173,
      "scr_dir2_threshold_50": 0.11622271066923173,
      "scr_dir1_threshold_100": 0.6964285144088769,
      "scr_metric_threshold_100": 0.1864407366730216,
      "scr_dir2_threshold_100": 0.1864407366730216,
      "scr_dir1_threshold_500": 0.14285729490966179,
      "scr_metric_threshold_500": 0.21307506577437693,
      "scr_dir2_threshold_500": 0.21307506577437693
    },
    {
      "dataset_name": "LabHC/bias_in_bios_class_set1_scr_architect_journalist_results",
      "scr_dir1_threshold_2": 0.4672893031381012,
      "scr_metric_threshold_2": 0.08670528794813087,
      "scr_dir2_threshold_2": 0.08670528794813087,
      "scr_dir1_threshold_5": 0.7009345117599415,
      "scr_metric_threshold_5": 0.19075156457878725,
      "scr_dir2_threshold_5": 0.19075156457878725,
      "scr_dir1_threshold_10": 0.7102801864121455,
      "scr_metric_threshold_10": 0.294797668941692,
      "scr_dir2_threshold_10": 0.294797668941692,
      "scr_dir1_threshold_20": 0.6822426054027436,
      "scr_metric_threshold_20": 0.39306367343409043,
      "scr_dir2_threshold_20": 0.39306367343409043,
      "scr_dir1_threshold_50": 0.6635512560983354,
      "scr_metric_threshold_50": 0.5057803582721337,
      "scr_dir2_threshold_50": 0.5057803582721337,
      "scr_dir1_threshold_100": 0.6168223257845253,
      "scr_metric_threshold_100": 0.6127167709719191,
      "scr_dir2_threshold_100": 0.6127167709719191,
      "scr_dir1_threshold_500": 0.35514009320607276,
      "scr_metric_threshold_500": 0.586705201814255,
      "scr_dir2_threshold_500": 0.586705201814255
    },
    {
      "dataset_name": "LabHC/bias_in_bios_class_set1_scr_surgeon_psychologist_results",
      "scr_dir1_threshold_2": 0.34090899854645845,
      "scr_metric_threshold_2": 0.03640772695984239,
      "scr_dir2_threshold_2": 0.03640772695984239,
      "scr_dir1_threshold_5": 0.6590910014535415,
      "scr_metric_threshold_5": 0.1917475355942394,
      "scr_dir2_threshold_5": 0.1917475355942394,
      "scr_dir1_threshold_10": 0.7500003386629857,
      "scr_metric_threshold_10": 0.24514562193820966,
      "scr_dir2_threshold_10": 0.24514562193820966,
      "scr_dir1_threshold_20": 0.49999932267402875,
      "scr_metric_threshold_20": 0.3179612205293412,
      "scr_dir2_threshold_20": 0.3179612205293412,
      "scr_dir1_threshold_50": 0.27272665697638976,
      "scr_metric_threshold_50": 0.33252428237898884,
      "scr_dir2_threshold_50": 0.33252428237898884,
      "scr_dir1_threshold_100": 0.18181731976694568,
      "scr_metric_threshold_100": 0.36893200933883125,
      "scr_dir2_threshold_100": 0.36893200933883125,
      "scr_dir1_threshold_500": 0.20454431540632106,
      "scr_metric_threshold_500": 0.41019418669618735,
      "scr_dir2_threshold_500": 0.41019418669618735
    },
    {
      "dataset_name": "LabHC/bias_in_bios_class_set1_scr_attorney_teacher_results",
      "scr_dir1_threshold_2": 0.05691033665972571,
      "scr_metric_threshold_2": 0.08479527373519644,
      "scr_dir2_threshold_2": 0.08479527373519644,
      "scr_dir1_threshold_5": 0.45528463164077093,
      "scr_metric_threshold_5": 0.13450293213017933,
      "scr_dir2_threshold_5": 0.13450293213017933,
      "scr_dir1_threshold_10": 0.4146342527150408,
      "scr_metric_threshold_10": 0.21929820586537577,
      "scr_dir2_threshold_10": 0.21929820586537577,
      "scr_dir1_threshold_20": 0.4146342527150408,
      "scr_metric_threshold_20": 0.3187133483727584,
      "scr_dir2_threshold_20": 0.3187133483727584,
      "scr_dir1_threshold_50": 0.292682631347109,
      "scr_metric_threshold_50": 0.4181286651627242,
      "scr_dir2_threshold_50": 0.4181286651627242,
      "scr_dir1_threshold_100": 0.14634155796892515,
      "scr_metric_threshold_100": 0.5292397375443724,
      "scr_dir2_threshold_100": 0.5292397375443724,
      "scr_dir1_threshold_500": -0.0325204000587324,
      "scr_metric_threshold_500": 0.42397654295856535,
      "scr_dir2_threshold_500": 0.42397654295856535
    },
    {
      "dataset_name": "canrager/amazon_reviews_mcauley_1and5_scr_Books_CDs_and_Vinyl_results",
      "scr_dir1_threshold_2": 0.019607980633554532,
      "scr_metric_threshold_2": 0.08823524900167704,
      "scr_dir2_threshold_2": 0.08823524900167704,
      "scr_dir1_threshold_5": 0.07189527970161837,
      "scr_metric_threshold_5": 0.22426465512688668,
      "scr_dir2_threshold_5": 0.22426465512688668,
      "scr_dir1_threshold_10": 0.019607980633554532,
      "scr_metric_threshold_10": 0.37499997260816104,