{
  "eval_type_id": "scr",
  "eval_config": {
    "random_seed": 42,
    "dataset_names": [
      "LabHC/bias_in_bios_class_set1",
      "canrager/amazon_reviews_mcauley_1and5"
    ],
    "perform_scr": true,
    "early_stopping_patience": 20,
    "train_set_size": 4000,
    "test_set_size": 1000,
    "context_length": 128,
    "probe_train_batch_size": 16,
    "probe_test_batch_size": 500,
    "probe_epochs": 20,
    "probe_lr": 0.001,
    "probe_l1_penalty": 0.001,
    "sae_batch_size": 125,
    "llm_batch_size": 1,
    "llm_dtype": "torch.bfloat16",
    "lower_vram_usage": false,
    "model_name": "google/gemma-2-2b",
    "n_values": [
      2,
      5,
      10,
      20,
      50,
      100,
      500
    ],
    "column1_vals_lookup": {
      "LabHC/bias_in_bios_class_set1": [
        [
          "professor",
          "nurse"
        ],
        [
          "architect",
          "journalist"
        ],
        [
          "surgeon",
          "psychologist"
        ],
        [
          "attorney",
          "teacher"
        ]
      ],
      "canrager/amazon_reviews_mcauley_1and5": [
        [
          "Books",
          "CDs_and_Vinyl"
        ],
        [
          "Software",
          "Electronics"
        ],
        [
          "Pet_Supplies",
          "Office_Products"
        ],
        [
          "Industrial_and_Scientific",
          "Toys_and_Games"
        ]
      ]
    }
  },
  "eval_id": "bde187f7-dca7-49d8-a7de-6f9c2083c994",
  "datetime_epoch_millis": 1757319710772,
  "eval_result_metrics": {
    "scr_metrics": {
      "scr_dir1_threshold_2": 0.28988425578164384,
      "scr_metric_threshold_2": 0.0752831201871598,
      "scr_dir2_threshold_2": 0.0752831201871598,
      "scr_dir1_threshold_5": 0.3406552524038049,
      "scr_metric_threshold_5": 0.16954198162165385,
      "scr_dir2_threshold_5": 0.16954198162165385,
      "scr_dir1_threshold_10": 0.33154993075945005,
      "scr_metric_threshold_10": 0.2397305778350493,
      "scr_dir2_threshold_10": 0.2397305778350493,
      "scr_dir1_threshold_20": 0.3011195833420152,
      "scr_metric_threshold_20": 0.30874729401255685,
      "scr_dir2_threshold_20": 0.30874729401255685,
      "scr_dir1_threshold_50": 0.30253956168214624,
      "scr_metric_threshold_50": 0.3936058164267948,
      "scr_dir2_threshold_50": 0.3936058164267948,
      "scr_dir1_threshold_100": 0.3200118242890333,
      "scr_metric_threshold_100": 0.46699847522168436,
      "scr_dir2_threshold_100": 0.46699847522168436,
      "scr_dir1_threshold_500": -0.005331791692108859,
      "scr_metric_threshold_500": 0.5316747236493566,
      "scr_dir2_threshold_500": 0.5316747236493566
    }
  },
  "eval_result_details": [
    {
      "dataset_name": "LabHC/bias_in_bios_class_set1_scr_professor_nurse_results",
      "scr_dir1_threshold_2": 0.5714281152710146,
      "scr_metric_threshold_2": 0.021791776290628215,
      "scr_dir2_threshold_2": 0.021791776290628215,
      "scr_dir1_threshold_5": 0.624999866954046,
      "scr_metric_threshold_5": 0.03874085544935121,
      "scr_dir2_threshold_5": 0.03874085544935121,
      "scr_dir1_threshold_10": 0.6607136584976451,
      "scr_metric_threshold_10": 0.06537532887188464,
      "scr_dir2_threshold_10": 0.06537532887188464,
      "scr_dir1_threshold_20": 0.6428567627258455,
      "scr_metric_threshold_20": 0.08958838156787642,
      "scr_dir2_threshold_20": 0.08958838156787642,
      "scr_dir1_threshold_50": 0.6071429711822464,
      "scr_metric_threshold_50": 0.1573849868451246,
      "scr_dir2_threshold_50": 0.1573849868451246,
      "scr_dir1_threshold_100": 0.5357143237274155,
      "scr_metric_threshold_100": 0.2033898158317446,
      "scr_dir2_threshold_100": 0.2033898158317446,
      "scr_dir1_threshold_500": -0.5714281152710146,
      "scr_metric_threshold_500": 0.3486682763288733,
      "scr_dir2_threshold_500": 0.3486682763288733
    },
    {
      "dataset_name": "LabHC/bias_in_bios_class_set1_scr_architect_journalist_results",
      "scr_dir1_threshold_2": 0.6074766511323212,
      "scr_metric_threshold_2": 0.1271677097191915,
      "scr_dir2_threshold_2": 0.1271677097191915,
      "scr_dir1_threshold_5": 0.6635512560983354,
      "scr_metric_threshold_5": 0.21965326980558034,
      "scr_dir2_threshold_5": 0.21965326980558034,
      "scr_dir1_threshold_10": 0.6448599067939272,
      "scr_metric_threshold_10": 0.3236995464362367,
      "scr_dir2_threshold_10": 0.3236995464362367,
      "scr_dir1_threshold_20": 0.7102801864121455,
      "scr_metric_threshold_20": 0.404624389978358,
      "scr_dir2_threshold_20": 0.404624389978358,
      "scr_dir1_threshold_50": 0.6542055814461313,
      "scr_metric_threshold_50": 0.5433526439740655,
      "scr_dir2_threshold_50": 0.5433526439740655,
      "scr_dir1_threshold_100": 0.6542055814461313,
      "scr_metric_threshold_100": 0.708092467127437,
      "scr_dir2_threshold_100": 0.708092467127437,
      "scr_dir1_threshold_500": 0.49532688414750314,
      "scr_metric_threshold_500": 0.7976878911446968,
      "scr_dir2_threshold_500": 0.7976878911446968
    },
    {
      "dataset_name": "LabHC/bias_in_bios_class_set1_scr_surgeon_psychologist_results",
      "scr_dir1_threshold_2": 0.454545331395278,
      "scr_metric_threshold_2": 0.029126268370741993,
      "scr_dir2_threshold_2": 0.029126268370741993,
      "scr_dir1_threshold_5": 0.7045449927322923,
      "scr_metric_threshold_5": 0.20873789497836728,
      "scr_dir2_threshold_5": 0.20873789497836728,
      "scr_dir1_threshold_10": 0.5909086598834729,
      "scr_metric_threshold_10": 0.2597086837878573,
      "scr_dir2_threshold_10": 0.2597086837878573,
      "scr_dir1_threshold_20": 0.1136363328488195,
      "scr_metric_threshold_20": 0.33252428237898884,
      "scr_dir2_threshold_20": 0.33252428237898884,
      "scr_dir1_threshold_50": 0.29545365261576517,
      "scr_metric_threshold_50": 0.37378645973634494,
      "scr_dir2_threshold_50": 0.37378645973634494,
      "scr_dir1_threshold_100": 0.36363599418583387,
      "scr_metric_threshold_100": 0.4126213395592208,
      "scr_dir2_threshold_100": 0.4126213395592208,
      "scr_dir1_threshold_500": -0.22727402034958147,
      "scr_metric_threshold_500": 0.18203877947065875,
      "scr_dir2_threshold_500": 0.18203877947065875
    },
    {
      "dataset_name": "LabHC/bias_in_bios_class_set1_scr_attorney_teacher_results",
      "scr_dir1_threshold_2": 0.3821138526563084,
      "scr_metric_threshold_2": 0.11111107238164818,
      "scr_dir2_threshold_2": 0.11111107238164818,
      "scr_dir1_threshold_5": 0.3170730525388436,
      "scr_metric_threshold_5": 0.20467833709318958,
      "scr_dir2_threshold_5": 0.20467833709318958,
      "scr_dir1_threshold_10": 0.24390227355438102,
      "scr_metric_threshold_10": 0.29532148862422725,
      "scr_dir2_threshold_10": 0.29532148862422725,
      "scr_dir1_threshold_20": 0.292682631347109,
      "scr_metric_threshold_20": 0.4035086221079548,
      "scr_dir2_threshold_20": 0.4035086221079548,
      "scr_dir1_threshold_50": 0.3089430736718458,
      "scr_metric_threshold_50": 0.4970758868194962,
      "scr_dir2_threshold_50": 0.4970758868194962,
      "scr_dir1_threshold_100": 0.2764226736131134,
      "scr_metric_threshold_100": 0.6140350112795688,
      "scr_dir2_threshold_100": 0.6140350112795688,
      "scr_dir1_threshold_500": -0.13821157910192736,
      "scr_metric_threshold_500": 0.5438596063165585,
      "scr_dir2_threshold_500": 0.5438596063165585
    },
    {
      "dataset_name": "canrager/amazon_reviews_mcauley_1and5_scr_Books_CDs_and_Vinyl_results",
      "scr_dir1_threshold_2": 0.0065358636869018594,
      "scr_metric_threshold_2": 0.17279407494801577,
      "scr_dir2_threshold_2": 0.17279407494801577,
      "scr_dir1_threshold_5": 0.03921557169426011,
      "scr_metric_threshold_5": 0.31617632718390204,
      "scr_dir2_threshold_5": 0.31617632718390204,
      "scr_dir1_threshold_10": 0.04575143538116197,
      "scr_metric_threshold_10": 0.4705880677205147,