{
  "eval_type_id": "scr",
  "eval_config": {
    "random_seed": 42,
    "dataset_names": [
      "LabHC/bias_in_bios_class_set1",
      "canrager/amazon_reviews_mcauley_1and5"
    ],
    "perform_scr": true,
    "early_stopping_patience": 20,
    "train_set_size": 4000,
    "test_set_size": 1000,
    "context_length": 128,
    "probe_train_batch_size": 16,
    "probe_test_batch_size": 500,
    "probe_epochs": 20,
    "probe_lr": 0.001,
    "probe_l1_penalty": 0.001,
    "sae_batch_size": 125,
    "llm_batch_size": 1,
    "llm_dtype": "torch.bfloat16",
    "lower_vram_usage": false,
    "model_name": "google/gemma-2-2b",
    "n_values": [
      2,
      5,
      10,
      20,
      50,
      100,
      500
    ],
    "column1_vals_lookup": {
      "LabHC/bias_in_bios_class_set1": [
        [
          "professor",
          "nurse"
        ],
        [
          "architect",
          "journalist"
        ],
        [
          "surgeon",
          "psychologist"
        ],
        [
          "attorney",
          "teacher"
        ]
      ],
      "canrager/amazon_reviews_mcauley_1and5": [
        [
          "Books",
          "CDs_and_Vinyl"
        ],
        [
          "Software",
          "Electronics"
        ],
        [
          "Pet_Supplies",
          "Office_Products"
        ],
        [
          "Industrial_and_Scientific",
          "Toys_and_Games"
        ]
      ]
    }
  },
  "eval_id": "b62f6499-d7f1-422f-84c8-c9362209e3ad",
  "datetime_epoch_millis": 1757583503222,
  "eval_result_metrics": {
    "scr_metrics": {
      "scr_dir1_threshold_2": 0.2769990639755303,
      "scr_metric_threshold_2": 0.055999033218382406,
      "scr_dir2_threshold_2": 0.055999033218382406,
      "scr_dir1_threshold_5": 0.3462266224327476,
      "scr_metric_threshold_5": 0.13132884941783168,
      "scr_dir2_threshold_5": 0.13132884941783168,
      "scr_dir1_threshold_10": 0.36746994931807686,
      "scr_metric_threshold_10": 0.20109939858893083,
      "scr_dir2_threshold_10": 0.20109939858893083,
      "scr_dir1_threshold_20": 0.3752103559506134,
      "scr_metric_threshold_20": 0.26570602925391623,
      "scr_dir2_threshold_20": 0.26570602925391623,
      "scr_dir1_threshold_50": 0.34581176088067345,
      "scr_metric_threshold_50": 0.34438613820266745,
      "scr_dir2_threshold_50": 0.34438613820266745,
      "scr_dir1_threshold_100": 0.3464129662428092,
      "scr_metric_threshold_100": 0.4115175850031867,
      "scr_dir2_threshold_100": 0.4115175850031867,
      "scr_dir1_threshold_500": 0.17456695435432432,
      "scr_metric_threshold_500": 0.46628806550017715,
      "scr_dir2_threshold_500": 0.46628806550017715
    }
  },
  "eval_result_details": [
    {
      "dataset_name": "LabHC/bias_in_bios_class_set1_scr_professor_nurse_results",
      "scr_dir1_threshold_2": 0.5357143237274155,
      "scr_metric_threshold_2": 0.03147702623326055,
      "scr_dir2_threshold_2": 0.03147702623326055,
      "scr_dir1_threshold_5": 0.6071429711822464,
      "scr_metric_threshold_5": 0.04116227617589288,
      "scr_dir2_threshold_5": 0.04116227617589288,
      "scr_dir1_threshold_10": 0.6428567627258455,
      "scr_metric_threshold_10": 0.04842610539198353,
      "scr_dir2_threshold_10": 0.04842610539198353,
      "scr_dir1_threshold_20": 0.6785716186370773,
      "scr_metric_threshold_20": 0.0726391580879753,
      "scr_dir2_threshold_20": 0.0726391580879753,
      "scr_dir1_threshold_50": 0.732142305952476,
      "scr_metric_threshold_50": 0.11864413139577341,
      "scr_dir2_threshold_50": 0.11864413139577341,
      "scr_dir1_threshold_100": 0.6964285144088769,
      "scr_metric_threshold_100": 0.15496371043976107,
      "scr_dir2_threshold_100": 0.15496371043976107,
      "scr_dir1_threshold_500": -0.12499933477022963,
      "scr_metric_threshold_500": 0.14043590768640163,
      "scr_dir2_threshold_500": 0.14043590768640163
    },
    {
      "dataset_name": "LabHC/bias_in_bios_class_set1_scr_architect_journalist_results",
      "scr_dir1_threshold_2": 0.6168223257845253,
      "scr_metric_threshold_2": 0.08670528794813087,
      "scr_dir2_threshold_2": 0.08670528794813087,
      "scr_dir1_threshold_5": 0.7009345117599415,
      "scr_metric_threshold_5": 0.1791908480345197,
      "scr_dir2_threshold_5": 0.1791908480345197,
      "scr_dir1_threshold_10": 0.7570091167259556,
      "scr_metric_threshold_10": 0.2803468163282955,
      "scr_dir2_threshold_10": 0.2803468163282955,
      "scr_dir1_threshold_20": 0.7570091167259556,
      "scr_metric_threshold_20": 0.3497109433261492,
      "scr_dir2_threshold_20": 0.3497109433261492,
      "scr_dir1_threshold_50": 0.6542055814461313,
      "scr_metric_threshold_50": 0.4768786530453407,
      "scr_dir2_threshold_50": 0.4768786530453407,
      "scr_dir1_threshold_100": 0.6915888371077373,
      "scr_metric_threshold_100": 0.6069364988336612,
      "scr_dir2_threshold_100": 0.6069364988336612,
      "scr_dir1_threshold_500": 0.5046725587997072,
      "scr_metric_threshold_500": 0.294797668941692,
      "scr_dir2_threshold_500": 0.294797668941692
    },
    {
      "dataset_name": "LabHC/bias_in_bios_class_set1_scr_surgeon_psychologist_results",
      "scr_dir1_threshold_2": 0.34090899854645845,
      "scr_metric_threshold_2": 0.03640772695984239,
      "scr_dir2_threshold_2": 0.03640772695984239,
      "scr_dir1_threshold_5": 0.6363640058141662,
      "scr_metric_threshold_5": 0.19902913885478662,
      "scr_dir2_threshold_5": 0.19902913885478662,
      "scr_dir1_threshold_10": 0.5681816642440974,
      "scr_metric_threshold_10": 0.24029131621214272,
      "scr_dir2_threshold_10": 0.24029131621214272,
      "scr_dir1_threshold_20": 0.47727232703465333,
      "scr_metric_threshold_20": 0.29611655541914644,
      "scr_dir2_threshold_20": 0.29611655541914644,
      "scr_dir1_threshold_50": 0.1590903241275703,
      "scr_metric_threshold_50": 0.3276698319814751,
      "scr_dir2_threshold_50": 0.3276698319814751,
      "scr_dir1_threshold_100": 0.1136363328488195,
      "scr_metric_threshold_100": 0.3713591622018647,
      "scr_dir2_threshold_100": 0.3713591622018647,
      "scr_dir1_threshold_500": 0.022726995639375396,
      "scr_metric_threshold_500": 0.4126213395592208,
      "scr_dir2_threshold_500": 0.4126213395592208
    },
    {
      "dataset_name": "LabHC/bias_in_bios_class_set1_scr_attorney_teacher_results",
      "scr_dir1_threshold_2": 0.4715445893747665,
      "scr_metric_threshold_2": 0.05555553619082409,
      "scr_dir2_threshold_2": 0.05555553619082409,
      "scr_dir1_threshold_5": 0.4471546527737732,
      "scr_metric_threshold_5": 0.13157881894967555,
      "scr_dir2_threshold_5": 0.13157881894967555,
      "scr_dir1_threshold_10": 0.4227642315820386,
      "scr_metric_threshold_10": 0.2485379434097481,
      "scr_dir2_threshold_10": 0.2485379434097481,
      "scr_dir1_threshold_20": 0.3821138526563084,
      "scr_metric_threshold_20": 0.28362573303254485,
      "scr_dir2_threshold_20": 0.28362573303254485,
      "scr_dir1_threshold_50": 0.3739838737893106,
      "scr_metric_threshold_50": 0.4005846832100342,
      "scr_dir2_threshold_50": 0.4005846832100342,
      "scr_dir1_threshold_100": 0.35772343146457375,
      "scr_metric_threshold_100": 0.5380115542381342,
      "scr_dir2_threshold_100": 0.5380115542381342,
      "scr_dir1_threshold_500": 0.2601627158791179,
      "scr_metric_threshold_500": 0.5350876153402135,
      "scr_dir2_threshold_500": 0.5350876153402135
    },
    {
      "dataset_name": "canrager/amazon_reviews_mcauley_1and5_scr_Books_CDs_and_Vinyl_results",
      "scr_dir1_threshold_2": 0.0065358636869018594,
      "scr_metric_threshold_2": 0.12499991782448318,
      "scr_dir2_threshold_2": 0.12499991782448318,
      "scr_dir1_threshold_5": 0.04575143538116197,
      "scr_metric_threshold_5": 0.24999983564896636,
      "scr_dir2_threshold_5": 0.24999983564896636,
      "scr_dir1_threshold_10": 0.06535941601471651,
      "scr_metric_threshold_10": 0.3933823070195641,