{
  "eval_type_id": "scr",
  "eval_config": {
    "random_seed": 42,
    "dataset_names": [
      "LabHC/bias_in_bios_class_set1",
      "canrager/amazon_reviews_mcauley_1and5"
    ],
    "perform_scr": true,
    "early_stopping_patience": 20,
    "train_set_size": 4000,
    "test_set_size": 1000,
    "context_length": 128,
    "probe_train_batch_size": 16,
    "probe_test_batch_size": 500,
    "probe_epochs": 20,
    "probe_lr": 0.001,
    "probe_l1_penalty": 0.001,
    "sae_batch_size": 125,
    "llm_batch_size": 1,
    "llm_dtype": "torch.bfloat16",
    "lower_vram_usage": false,
    "model_name": "google/gemma-2-2b",
    "n_values": [
      2,
      5,
      10,
      20,
      50,
      100,
      500
    ],
    "column1_vals_lookup": {
      "LabHC/bias_in_bios_class_set1": [
        [
          "professor",
          "nurse"
        ],
        [
          "architect",
          "journalist"
        ],
        [
          "surgeon",
          "psychologist"
        ],
        [
          "attorney",
          "teacher"
        ]
      ],
      "canrager/amazon_reviews_mcauley_1and5": [
        [
          "Books",
          "CDs_and_Vinyl"
        ],
        [
          "Software",
          "Electronics"
        ],
        [
          "Pet_Supplies",
          "Office_Products"
        ],
        [
          "Industrial_and_Scientific",
          "Toys_and_Games"
        ]
      ]
    }
  },
  "eval_id": "53df7c95-b19e-4dd6-8fe5-2d9ec44b16f4",
  "datetime_epoch_millis": 1757584029174,
  "eval_result_metrics": {
    "scr_metrics": {
      "scr_dir1_threshold_2": 0.30764367477001975,
      "scr_metric_threshold_2": 0.062300329890292765,
      "scr_dir2_threshold_2": 0.062300329890292765,
      "scr_dir1_threshold_5": 0.3432221671163038,
      "scr_metric_threshold_5": 0.15821979760131705,
      "scr_dir2_threshold_5": 0.15821979760131705,
      "scr_dir1_threshold_10": 0.3528066614185542,
      "scr_metric_threshold_10": 0.22804404305789505,
      "scr_dir2_threshold_10": 0.22804404305789505,
      "scr_dir1_threshold_20": 0.3622229642897739,
      "scr_metric_threshold_20": 0.2989179205364241,
      "scr_dir2_threshold_20": 0.2989179205364241,
      "scr_dir1_threshold_50": 0.32648772680535315,
      "scr_metric_threshold_50": 0.37794387483637815,
      "scr_dir2_threshold_50": 0.37794387483637815,
      "scr_dir1_threshold_100": 0.2670886538623005,
      "scr_metric_threshold_100": 0.4437823439344345,
      "scr_dir2_threshold_100": 0.4437823439344345,
      "scr_dir1_threshold_500": 0.1033396182047816,
      "scr_metric_threshold_500": 0.5143673681369948,
      "scr_dir2_threshold_500": 0.5143673681369948
    }
  },
  "eval_result_details": [
    {
      "dataset_name": "LabHC/bias_in_bios_class_set1_scr_professor_nurse_results",
      "scr_dir1_threshold_2": 0.5714281152710146,
      "scr_metric_threshold_2": 0.021791776290628215,
      "scr_dir2_threshold_2": 0.021791776290628215,
      "scr_dir1_threshold_5": 0.6071429711822464,
      "scr_metric_threshold_5": 0.033898302638624096,
      "scr_dir2_threshold_5": 0.033898302638624096,
      "scr_dir1_threshold_10": 0.624999866954046,
      "scr_metric_threshold_10": 0.04842610539198353,
      "scr_dir2_threshold_10": 0.04842610539198353,
      "scr_dir1_threshold_20": 0.6785716186370773,
      "scr_metric_threshold_20": 0.07990313162524408,
      "scr_dir2_threshold_20": 0.07990313162524408,
      "scr_dir1_threshold_50": 0.732142305952476,
      "scr_metric_threshold_50": 0.1307506577437693,
      "scr_dir2_threshold_50": 0.1307506577437693,
      "scr_dir1_threshold_100": 0.6428567627258455,
      "scr_metric_threshold_100": 0.18886201307838515,
      "scr_dir2_threshold_100": 0.18886201307838515,
      "scr_dir1_threshold_500": -0.10714243899843005,
      "scr_metric_threshold_500": 0.37530274975140676,
      "scr_dir2_threshold_500": 0.37530274975140676
    },
    {
      "dataset_name": "LabHC/bias_in_bios_class_set1_scr_architect_journalist_results",
      "scr_dir1_threshold_2": 0.6915888371077373,
      "scr_metric_threshold_2": 0.08670528794813087,
      "scr_dir2_threshold_2": 0.08670528794813087,
      "scr_dir1_threshold_5": 0.7102801864121455,
      "scr_metric_threshold_5": 0.19364170064791625,
      "scr_dir2_threshold_5": 0.19364170064791625,
      "scr_dir1_threshold_10": 0.7289720927693434,
      "scr_metric_threshold_10": 0.3034682494168306,
      "scr_dir2_threshold_10": 0.3034682494168306,
      "scr_dir1_threshold_20": 0.7102801864121455,
      "scr_metric_threshold_20": 0.3959538095032194,
      "scr_dir2_threshold_20": 0.3959538095032194,
      "scr_dir1_threshold_50": 0.7102801864121455,
      "scr_metric_threshold_50": 0.5260116552915399,
      "scr_dir2_threshold_50": 0.5260116552915399,
      "scr_dir1_threshold_100": 0.6261680004367294,
      "scr_metric_threshold_100": 0.6329480679913253,
      "scr_dir2_threshold_100": 0.6329480679913253,
      "scr_dir1_threshold_500": 0.3364481868488749,
      "scr_metric_threshold_500": 0.7225433197408335,
      "scr_dir2_threshold_500": 0.7225433197408335
    },
    {
      "dataset_name": "LabHC/bias_in_bios_class_set1_scr_surgeon_psychologist_results",
      "scr_dir1_threshold_2": 0.49999932267402875,
      "scr_metric_threshold_2": 0.038835024494322655,
      "scr_dir2_threshold_2": 0.038835024494322655,
      "scr_dir1_threshold_5": 0.6818179970929169,
      "scr_metric_threshold_5": 0.22572810969104834,
      "scr_dir2_threshold_5": 0.22572810969104834,
      "scr_dir1_threshold_10": 0.6818179970929169,
      "scr_metric_threshold_10": 0.29611655541914644,
      "scr_dir2_threshold_10": 0.29611655541914644,
      "scr_dir1_threshold_20": 0.5227276729653466,
      "scr_metric_threshold_20": 0.344660191365603,
      "scr_dir2_threshold_20": 0.344660191365603,
      "scr_dir1_threshold_50": 0.1590903241275703,
      "scr_metric_threshold_50": 0.3762136125993784,
      "scr_dir2_threshold_50": 0.3762136125993784,
      "scr_dir1_threshold_100": -0.11363768750076199,
      "scr_metric_threshold_100": 0.4004854305726067,
      "scr_dir2_threshold_100": 0.4004854305726067,
      "scr_dir1_threshold_500": 0.3181820029070831,
      "scr_metric_threshold_500": 0.17475732088155835,
      "scr_dir2_threshold_500": 0.17475732088155835
    },
    {
      "dataset_name": "LabHC/bias_in_bios_class_set1_scr_attorney_teacher_results",
      "scr_dir1_threshold_2": 0.47967456824176424,
      "scr_metric_threshold_2": 0.1023390814053032,
      "scr_dir2_threshold_2": 0.1023390814053032,
      "scr_dir1_threshold_5": 0.3739838737893106,
      "scr_metric_threshold_5": 0.1578946175961273,
      "scr_dir2_threshold_5": 0.1578946175961273,
      "scr_dir1_threshold_10": 0.3983738103903039,
      "scr_metric_threshold_10": 0.2602338732840137,
      "scr_dir2_threshold_10": 0.2602338732840137,
      "scr_dir1_threshold_20": 0.35772343146457375,
      "scr_metric_threshold_20": 0.3450291470192101,
      "scr_dir2_threshold_20": 0.3450291470192101,
      "scr_dir1_threshold_50": 0.292682631347109,
      "scr_metric_threshold_50": 0.4532162805029377,
      "scr_dir2_threshold_50": 0.4532162805029377,
      "scr_dir1_threshold_100": 0.300813094804848,
      "scr_metric_threshold_100": 0.5730993438609309,
      "scr_dir2_threshold_100": 0.5730993438609309,
      "scr_dir1_threshold_500": -0.34959393718831727,
      "scr_metric_threshold_500": 0.4298244207544066,
      "scr_dir2_threshold_500": 0.4298244207544066
    },
    {
      "dataset_name": "canrager/amazon_reviews_mcauley_1and5_scr_Books_CDs_and_Vinyl_results",
      "scr_dir1_threshold_2": 0.013071727373803719,
      "scr_metric_threshold_2": 0.10661758341308011,
      "scr_dir2_threshold_2": 0.10661758341308011,
      "scr_dir1_threshold_5": 0.04575143538116197,
      "scr_metric_threshold_5": 0.29779399277249896,
      "scr_dir2_threshold_5": 0.29779399277249896,
      "scr_dir1_threshold_10": 0.03921557169426011,
      "scr_metric_threshold_10": 0.42279412973169367,