{
  "eval_type_id": "scr",
  "eval_config": {
    "random_seed": 42,
    "dataset_names": [
      "LabHC/bias_in_bios_class_set1",
      "canrager/amazon_reviews_mcauley_1and5"
    ],
    "perform_scr": true,
    "early_stopping_patience": 20,
    "train_set_size": 4000,
    "test_set_size": 1000,
    "context_length": 128,
    "probe_train_batch_size": 16,
    "probe_test_batch_size": 500,
    "probe_epochs": 20,
    "probe_lr": 0.001,
    "probe_l1_penalty": 0.001,
    "sae_batch_size": 125,
    "llm_batch_size": 1,
    "llm_dtype": "torch.bfloat16",
    "lower_vram_usage": false,
    "model_name": "google/gemma-2-2b",
    "n_values": [
      2,
      5,
      10,
      20,
      50,
      100,
      500
    ],
    "column1_vals_lookup": {
      "LabHC/bias_in_bios_class_set1": [
        [
          "professor",
          "nurse"
        ],
        [
          "architect",
          "journalist"
        ],
        [
          "surgeon",
          "psychologist"
        ],
        [
          "attorney",
          "teacher"
        ]
      ],
      "canrager/amazon_reviews_mcauley_1and5": [
        [
          "Books",
          "CDs_and_Vinyl"
        ],
        [
          "Software",
          "Electronics"
        ],
        [
          "Pet_Supplies",
          "Office_Products"
        ],
        [
          "Industrial_and_Scientific",
          "Toys_and_Games"
        ]
      ]
    }
  },
  "eval_id": "0b1ffa0e-3e5e-4742-94b9-f93860554f8b",
  "datetime_epoch_millis": 1757583504160,
  "eval_result_metrics": {
    "scr_metrics": {
      "scr_dir1_threshold_2": 0.2509681154093745,
      "scr_metric_threshold_2": 0.09741612020721761,
      "scr_dir2_threshold_2": 0.09741612020721761,
      "scr_dir1_threshold_5": 0.31932810072378554,
      "scr_metric_threshold_5": 0.18392380282615334,
      "scr_dir2_threshold_5": 0.18392380282615334,
      "scr_dir1_threshold_10": 0.32518723307251507,
      "scr_metric_threshold_10": 0.25666132310278944,
      "scr_dir2_threshold_10": 0.25666132310278944,
      "scr_dir1_threshold_20": 0.2957289223330034,
      "scr_metric_threshold_20": 0.31198904116423287,
      "scr_dir2_threshold_20": 0.31198904116423287,
      "scr_dir1_threshold_50": 0.2683907542425071,
      "scr_metric_threshold_50": 0.387443806163918,
      "scr_dir2_threshold_50": 0.387443806163918,
      "scr_dir1_threshold_100": 0.1948953961502674,
      "scr_metric_threshold_100": 0.4763161895310904,
      "scr_dir2_threshold_100": 0.4763161895310904,
      "scr_dir1_threshold_500": -0.07524818556303986,
      "scr_metric_threshold_500": 0.5589779979928985,
      "scr_dir2_threshold_500": 0.5589779979928985
    }
  },
  "eval_result_details": [
    {
      "dataset_name": "LabHC/bias_in_bios_class_set1_scr_professor_nurse_results",
      "scr_dir1_threshold_2": 0.46428567627258455,
      "scr_metric_threshold_2": 0.033898302638624096,
      "scr_dir2_threshold_2": 0.033898302638624096,
      "scr_dir1_threshold_5": 0.5357143237274155,
      "scr_metric_threshold_5": 0.05569007892925232,
      "scr_dir2_threshold_5": 0.05569007892925232,
      "scr_dir1_threshold_10": 0.5357143237274155,
      "scr_metric_threshold_10": 0.06537532887188464,
      "scr_dir2_threshold_10": 0.06537532887188464,
      "scr_dir1_threshold_20": 0.5714281152710146,
      "scr_metric_threshold_20": 0.08958838156787642,
      "scr_dir2_threshold_20": 0.08958838156787642,
      "scr_dir1_threshold_50": 0.5535712194992151,
      "scr_metric_threshold_50": 0.1646489603823934,
      "scr_dir2_threshold_50": 0.1646489603823934,
      "scr_dir1_threshold_100": 0.46428567627258455,
      "scr_metric_threshold_100": 0.1985472630210175,
      "scr_dir2_threshold_100": 0.1985472630210175,
      "scr_dir1_threshold_500": 0.08928554322663047,
      "scr_metric_threshold_500": 0.33656174998087746,
      "scr_dir2_threshold_500": 0.33656174998087746
    },
    {
      "dataset_name": "LabHC/bias_in_bios_class_set1_scr_architect_journalist_results",
      "scr_dir1_threshold_2": 0.49532688414750314,
      "scr_metric_threshold_2": 0.19075156457878725,
      "scr_dir2_threshold_2": 0.19075156457878725,
      "scr_dir1_threshold_5": 0.6074766511323212,
      "scr_metric_threshold_5": 0.2774566802591665,
      "scr_dir2_threshold_5": 0.2774566802591665,
      "scr_dir1_threshold_10": 0.6168223257845253,
      "scr_metric_threshold_10": 0.35549138773215877,
      "scr_dir2_threshold_10": 0.35549138773215877,
      "scr_dir1_threshold_20": 0.6074766511323212,
      "scr_metric_threshold_20": 0.43930636734340905,
      "scr_dir2_threshold_20": 0.43930636734340905,
      "scr_dir1_threshold_50": 0.5700933954707151,
      "scr_metric_threshold_50": 0.552023224449204,
      "scr_dir2_threshold_50": 0.552023224449204,
      "scr_dir1_threshold_100": 0.5700933954707151,
      "scr_metric_threshold_100": 0.7456647528293686,
      "scr_dir2_threshold_100": 0.7456647528293686,
      "scr_dir1_threshold_500": 0.12149488458423251,
      "scr_metric_threshold_500": 0.8988440317062242,
      "scr_dir2_threshold_500": 0.8988440317062242
    },
    {
      "dataset_name": "LabHC/bias_in_bios_class_set1_scr_surgeon_psychologist_results",
      "scr_dir1_threshold_2": 0.454545331395278,
      "scr_metric_threshold_2": 0.03398057409680892,
      "scr_dir2_threshold_2": 0.03398057409680892,
      "scr_dir1_threshold_5": 0.5909086598834729,
      "scr_metric_threshold_5": 0.20631074211533382,
      "scr_dir2_threshold_5": 0.20631074211533382,
      "scr_dir1_threshold_10": 0.545454668604722,
      "scr_metric_threshold_10": 0.27427189030895166,
      "scr_dir2_threshold_10": 0.27427189030895166,
      "scr_dir1_threshold_20": 0.29545365261576517,
      "scr_metric_threshold_20": 0.3252426791184416,
      "scr_dir2_threshold_20": 0.3252426791184416,
      "scr_dir1_threshold_50": 0.13636332848819488,
      "scr_metric_threshold_50": 0.3786407654624119,
      "scr_dir2_threshold_50": 0.3786407654624119,
      "scr_dir1_threshold_100": -0.045455345930693294,
      "scr_metric_threshold_100": 0.43689315753244906,
      "scr_dir2_threshold_100": 0.43689315753244906,
      "scr_dir1_threshold_500": -0.6363653604661086,
      "scr_metric_threshold_500": 0.2694174399114379,
      "scr_dir2_threshold_500": 0.2694174399114379
    },
    {
      "dataset_name": "LabHC/bias_in_bios_class_set1_scr_attorney_teacher_results",
      "scr_dir1_threshold_2": 0.292682631347109,
      "scr_metric_threshold_2": 0.11695895017748938,
      "scr_dir2_threshold_2": 0.11695895017748938,
      "scr_dir1_threshold_5": 0.2845526524801112,
      "scr_metric_threshold_5": 0.201754398195269,
      "scr_dir2_threshold_5": 0.201754398195269,
      "scr_dir1_threshold_10": 0.23577229468738325,
      "scr_metric_threshold_10": 0.3070174184984928,
      "scr_dir2_threshold_10": 0.3070174184984928,
      "scr_dir1_threshold_20": 0.24390227355438102,
      "scr_metric_threshold_20": 0.3742688845635825,
      "scr_dir2_threshold_20": 0.3742688845635825,
      "scr_dir1_threshold_50": 0.24390227355438102,
      "scr_metric_threshold_50": 0.49122800902365504,
      "scr_dir2_threshold_50": 0.49122800902365504,
      "scr_dir1_threshold_100": 0.24390227355438102,
      "scr_metric_threshold_100": 0.628654880051755,
      "scr_dir2_threshold_100": 0.628654880051755,
      "scr_dir1_threshold_500": -0.0975612001761972,
      "scr_metric_threshold_500": 0.7865496719304654,
      "scr_dir2_threshold_500": 0.7865496719304654
    },
    {
      "dataset_name": "canrager/amazon_reviews_mcauley_1and5_scr_Books_CDs_and_Vinyl_results",
      "scr_dir1_threshold_2": 0.0065358636869018594,
      "scr_metric_threshold_2": 0.22426465512688668,
      "scr_dir2_threshold_2": 0.22426465512688668,
      "scr_dir1_threshold_5": 0.03921557169426011,
      "scr_metric_threshold_5": 0.30147041582783723,
      "scr_dir2_threshold_5": 0.30147041582783723,
      "scr_dir1_threshold_10": 0.09150326033517289,
      "scr_metric_threshold_10": 0.4558823754991615,