{
  "eval_type_id": "scr",
  "eval_config": {
    "random_seed": 42,
    "dataset_names": [
      "LabHC/bias_in_bios_class_set1",
      "canrager/amazon_reviews_mcauley_1and5"
    ],
    "perform_scr": true,
    "early_stopping_patience": 20,
    "train_set_size": 4000,
    "test_set_size": 1000,
    "context_length": 128,
    "probe_train_batch_size": 16,
    "probe_test_batch_size": 500,
    "probe_epochs": 20,
    "probe_lr": 0.001,
    "probe_l1_penalty": 0.001,
    "sae_batch_size": 125,
    "llm_batch_size": 1,
    "llm_dtype": "torch.bfloat16",
    "lower_vram_usage": false,
    "model_name": "google/gemma-2-2b",
    "n_values": [
      2,
      5,
      10,
      20,
      50,
      100,
      500
    ],
    "column1_vals_lookup": {
      "LabHC/bias_in_bios_class_set1": [
        [
          "professor",
          "nurse"
        ],
        [
          "architect",
          "journalist"
        ],
        [
          "surgeon",
          "psychologist"
        ],
        [
          "attorney",
          "teacher"
        ]
      ],
      "canrager/amazon_reviews_mcauley_1and5": [
        [
          "Books",
          "CDs_and_Vinyl"
        ],
        [
          "Software",
          "Electronics"
        ],
        [
          "Pet_Supplies",
          "Office_Products"
        ],
        [
          "Industrial_and_Scientific",
          "Toys_and_Games"
        ]
      ]
    }
  },
  "eval_id": "d41ab15a-3d40-469d-a5ef-aae5cc0a1ec1",
  "datetime_epoch_millis": 1757584991301,
  "eval_result_metrics": {
    "scr_metrics": {
      "scr_dir1_threshold_2": 0.2846027356767589,
      "scr_metric_threshold_2": 0.05942003156711848,
      "scr_dir2_threshold_2": 0.05942003156711848,
      "scr_dir1_threshold_5": 0.34280197113580024,
      "scr_metric_threshold_5": 0.15156811100532722,
      "scr_dir2_threshold_5": 0.15156811100532722,
      "scr_dir1_threshold_10": 0.36557724065876424,
      "scr_metric_threshold_10": 0.22493502421187128,
      "scr_dir2_threshold_10": 0.22493502421187128,
      "scr_dir1_threshold_20": 0.3587350388640214,
      "scr_metric_threshold_20": 0.2835811877773599,
      "scr_dir2_threshold_20": 0.2835811877773599,
      "scr_dir1_threshold_50": 0.32960532473434545,
      "scr_metric_threshold_50": 0.37789362013298794,
      "scr_dir2_threshold_50": 0.37789362013298794,
      "scr_dir1_threshold_100": 0.33942521310879065,
      "scr_metric_threshold_100": 0.4437735244764315,
      "scr_dir2_threshold_100": 0.4437735244764315,
      "scr_dir1_threshold_500": 0.09769179864083988,
      "scr_metric_threshold_500": 0.5292599464431684,
      "scr_dir2_threshold_500": 0.5292599464431684
    }
  },
  "eval_result_details": [
    {
      "dataset_name": "LabHC/bias_in_bios_class_set1_scr_professor_nurse_results",
      "scr_dir1_threshold_2": 0.5892860754104468,
      "scr_metric_threshold_2": 0.021791776290628215,
      "scr_dir2_threshold_2": 0.021791776290628215,
      "scr_dir1_threshold_5": 0.6428567627258455,
      "scr_metric_threshold_5": 0.03631957904398765,
      "scr_dir2_threshold_5": 0.03631957904398765,
      "scr_dir1_threshold_10": 0.6785716186370773,
      "scr_metric_threshold_10": 0.06779660527724819,
      "scr_dir2_threshold_10": 0.06779660527724819,
      "scr_dir1_threshold_20": 0.6607136584976451,
      "scr_metric_threshold_20": 0.07990313162524408,
      "scr_dir2_threshold_20": 0.07990313162524408,
      "scr_dir1_threshold_50": 0.6607136584976451,
      "scr_metric_threshold_50": 0.14527846049712873,
      "scr_dir2_threshold_50": 0.14527846049712873,
      "scr_dir1_threshold_100": 0.624999866954046,
      "scr_metric_threshold_100": 0.1815980395411164,
      "scr_dir2_threshold_100": 0.1815980395411164,
      "scr_dir1_threshold_500": -0.33928527713472234,
      "scr_metric_threshold_500": 0.37530274975140676,
      "scr_dir2_threshold_500": 0.37530274975140676
    },
    {
      "dataset_name": "LabHC/bias_in_bios_class_set1_scr_architect_journalist_results",
      "scr_dir1_threshold_2": 0.6542055814461313,
      "scr_metric_threshold_2": 0.08092484354212127,
      "scr_dir2_threshold_2": 0.08092484354212127,
      "scr_dir1_threshold_5": 0.7009345117599415,
      "scr_metric_threshold_5": 0.1791908480345197,
      "scr_dir2_threshold_5": 0.1791908480345197,
      "scr_dir1_threshold_10": 0.6915888371077373,
      "scr_metric_threshold_10": 0.29768797727857266,
      "scr_dir2_threshold_10": 0.29768797727857266,
      "scr_dir1_threshold_20": 0.6728969307505395,
      "scr_metric_threshold_20": 0.36705210427642637,
      "scr_dir2_threshold_20": 0.36705210427642637,
      "scr_dir1_threshold_50": 0.6728969307505395,
      "scr_metric_threshold_50": 0.5057803582721337,
      "scr_dir2_threshold_50": 0.5057803582721337,
      "scr_dir1_threshold_100": 0.6355136750889335,
      "scr_metric_threshold_100": 0.6387283401295832,
      "scr_dir2_threshold_100": 0.6387283401295832,
      "scr_dir1_threshold_500": 0.6261680004367294,
      "scr_metric_threshold_500": 0.6907514784449115,
      "scr_dir2_threshold_500": 0.6907514784449115
    },
    {
      "dataset_name": "LabHC/bias_in_bios_class_set1_scr_surgeon_psychologist_results",
      "scr_dir1_threshold_2": 0.3863629898252093,
      "scr_metric_threshold_2": 0.03398057409680892,
      "scr_dir2_threshold_2": 0.03398057409680892,
      "scr_dir1_threshold_5": 0.6363640058141662,
      "scr_metric_threshold_5": 0.21116504784140075,
      "scr_dir2_threshold_5": 0.21116504784140075,
      "scr_dir1_threshold_10": 0.6818179970929169,
      "scr_metric_threshold_10": 0.24757277480124312,
      "scr_dir2_threshold_10": 0.24757277480124312,
      "scr_dir1_threshold_20": 0.6136356555228483,
      "scr_metric_threshold_20": 0.3179612205293412,
      "scr_dir2_threshold_20": 0.3179612205293412,
      "scr_dir1_threshold_50": 0.227272665697639,
      "scr_metric_threshold_50": 0.35922325321525056,
      "scr_dir2_threshold_50": 0.35922325321525056,
      "scr_dir1_threshold_100": 0.24999966133701437,
      "scr_metric_threshold_100": 0.38834952158599256,
      "scr_dir2_threshold_100": 0.38834952158599256,
      "scr_dir1_threshold_500": -0.045455345930693294,
      "scr_metric_threshold_500": 0.19902913885478662,
      "scr_dir2_threshold_500": 0.19902913885478662
    },
    {
      "dataset_name": "LabHC/bias_in_bios_class_set1_scr_attorney_teacher_results",
      "scr_dir1_threshold_2": 0.4715445893747665,
      "scr_metric_threshold_2": 0.07894722165677207,
      "scr_dir2_threshold_2": 0.07894722165677207,
      "scr_dir1_threshold_5": 0.4146342527150408,
      "scr_metric_threshold_5": 0.17251448636831349,
      "scr_dir2_threshold_5": 0.17251448636831349,
      "scr_dir1_threshold_10": 0.32520303140584134,
      "scr_metric_threshold_10": 0.2602338732840137,
      "scr_dir2_threshold_10": 0.2602338732840137,
      "scr_dir1_threshold_20": 0.3414634737305782,
      "scr_metric_threshold_20": 0.33333321714494457,
      "scr_dir2_threshold_20": 0.33333321714494457,
      "scr_dir1_threshold_50": 0.35772343146457375,
      "scr_metric_threshold_50": 0.43859641173075153,
      "scr_dir2_threshold_50": 0.43859641173075153,
      "scr_dir1_threshold_100": 0.3739838737893106,
      "scr_metric_threshold_100": 0.5526315972929035,
      "scr_dir2_threshold_100": 0.5526315972929035,
      "scr_dir1_threshold_500": 0.06504031552672349,
      "scr_metric_threshold_500": 0.5233916854659479,
      "scr_dir2_threshold_500": 0.5233916854659479
    },
    {
      "dataset_name": "canrager/amazon_reviews_mcauley_1and5_scr_Books_CDs_and_Vinyl_results",
      "scr_dir1_threshold_2": 0.0,
      "scr_metric_threshold_2": 0.1286763408798215,
      "scr_dir2_threshold_2": 0.1286763408798215,
      "scr_dir1_threshold_5": 0.032679708007358255,
      "scr_metric_threshold_5": 0.28676472360648403,
      "scr_dir2_threshold_5": 0.28676472360648403,
      "scr_dir1_threshold_10": 0.058823552327814645,
      "scr_metric_threshold_10": 0.42279412973169367,