{
  "eval_type_id": "scr",
  "eval_config": {
    "random_seed": 42,
    "dataset_names": [
      "LabHC/bias_in_bios_class_set1",
      "canrager/amazon_reviews_mcauley_1and5"
    ],
    "perform_scr": true,
    "early_stopping_patience": 20,
    "train_set_size": 4000,
    "test_set_size": 1000,
    "context_length": 128,
    "probe_train_batch_size": 16,
    "probe_test_batch_size": 500,
    "probe_epochs": 20,
    "probe_lr": 0.001,
    "probe_l1_penalty": 0.001,
    "sae_batch_size": 125,
    "llm_batch_size": 1,
    "llm_dtype": "torch.bfloat16",
    "lower_vram_usage": false,
    "model_name": "google/gemma-2-2b",
    "n_values": [
      2,
      5,
      10,
      20,
      50,
      100,
      500
    ],
    "column1_vals_lookup": {
      "LabHC/bias_in_bios_class_set1": [
        [
          "professor",
          "nurse"
        ],
        [
          "architect",
          "journalist"
        ],
        [
          "surgeon",
          "psychologist"
        ],
        [
          "attorney",
          "teacher"
        ]
      ],
      "canrager/amazon_reviews_mcauley_1and5": [
        [
          "Books",
          "CDs_and_Vinyl"
        ],
        [
          "Software",
          "Electronics"
        ],
        [
          "Pet_Supplies",
          "Office_Products"
        ],
        [
          "Industrial_and_Scientific",
          "Toys_and_Games"
        ]
      ]
    }
  },
  "eval_id": "87d89024-ffa1-4e91-a2f3-c94bd13be48c",
  "datetime_epoch_millis": 1757316607412,
  "eval_result_metrics": {
    "scr_metrics": {
      "scr_dir1_threshold_2": 0.2724935907399142,
      "scr_metric_threshold_2": 0.09582336593696882,
      "scr_dir2_threshold_2": 0.09582336593696882,
      "scr_dir1_threshold_5": 0.2685777655188124,
      "scr_metric_threshold_5": 0.1830434194097666,
      "scr_dir2_threshold_5": 0.1830434194097666,
      "scr_dir1_threshold_10": 0.2938849197096503,
      "scr_metric_threshold_10": 0.2552529678064266,
      "scr_dir2_threshold_10": 0.2552529678064266,
      "scr_dir1_threshold_20": 0.25063255155415076,
      "scr_metric_threshold_20": 0.3261526364289372,
      "scr_dir2_threshold_20": 0.3261526364289372,
      "scr_dir1_threshold_50": 0.2608603553292686,
      "scr_metric_threshold_50": 0.3987290017067568,
      "scr_dir2_threshold_50": 0.3987290017067568,
      "scr_dir1_threshold_100": 0.19033538533284194,
      "scr_metric_threshold_100": 0.46891508879039584,
      "scr_dir2_threshold_100": 0.46891508879039584,
      "scr_dir1_threshold_500": -0.1543231822597508,
      "scr_metric_threshold_500": 0.39976755237031236,
      "scr_dir2_threshold_500": 0.39976755237031236
    }
  },
  "eval_result_details": [
    {
      "dataset_name": "LabHC/bias_in_bios_class_set1_scr_professor_nurse_results",
      "scr_dir1_threshold_2": 0.5892860754104468,
      "scr_metric_threshold_2": 0.021791776290628215,
      "scr_dir2_threshold_2": 0.021791776290628215,
      "scr_dir1_threshold_5": 0.5892860754104468,
      "scr_metric_threshold_5": 0.05326880252388876,
      "scr_dir2_threshold_5": 0.05326880252388876,
      "scr_dir1_threshold_10": 0.5178574279556158,
      "scr_metric_threshold_10": 0.06053263173997942,
      "scr_dir2_threshold_10": 0.06053263173997942,
      "scr_dir1_threshold_20": 0.5892860754104468,
      "scr_metric_threshold_20": 0.10411618432123586,
      "scr_dir2_threshold_20": 0.10411618432123586,
      "scr_dir1_threshold_50": 0.48214257204438415,
      "scr_metric_threshold_50": 0.17917676313575284,
      "scr_dir2_threshold_50": 0.17917676313575284,
      "scr_dir1_threshold_100": -0.07142758308719832,
      "scr_metric_threshold_100": 0.2372881184703687,
      "scr_dir2_threshold_100": 0.2372881184703687,
      "scr_dir1_threshold_500": -1.0714275830871982,
      "scr_metric_threshold_500": 0.35351097346077853,
      "scr_dir2_threshold_500": 0.35351097346077853
    },
    {
      "dataset_name": "LabHC/bias_in_bios_class_set1_scr_architect_journalist_results",
      "scr_dir1_threshold_2": 0.5607477208185111,
      "scr_metric_threshold_2": 0.13583811792657846,
      "scr_dir2_threshold_2": 0.13583811792657846,
      "scr_dir1_threshold_5": 0.6074766511323212,
      "scr_metric_threshold_5": 0.21676313373645137,
      "scr_dir2_threshold_5": 0.21676313373645137,
      "scr_dir1_threshold_10": 0.6168223257845253,
      "scr_metric_threshold_10": 0.31213882989196917,
      "scr_dir2_threshold_10": 0.31213882989196917,
      "scr_dir1_threshold_20": 0.6074766511323212,
      "scr_metric_threshold_20": 0.4364162312742801,
      "scr_dir2_threshold_20": 0.4364162312742801,
      "scr_dir1_threshold_50": 0.6074766511323212,
      "scr_metric_threshold_50": 0.5491329161123234,
      "scr_dir2_threshold_50": 0.5491329161123234,
      "scr_dir1_threshold_100": 0.5327101398091092,
      "scr_metric_threshold_100": 0.6791907619006439,
      "scr_dir2_threshold_100": 0.6791907619006439,
      "scr_dir1_threshold_500": 0.4672893031381012,
      "scr_metric_threshold_500": 0.1531792788768556,
      "scr_dir2_threshold_500": 0.1531792788768556
    },
    {
      "dataset_name": "LabHC/bias_in_bios_class_set1_scr_surgeon_psychologist_results",
      "scr_dir1_threshold_2": 0.7272719883716677,
      "scr_metric_threshold_2": 0.03398057409680892,
      "scr_dir2_threshold_2": 0.03398057409680892,
      "scr_dir1_threshold_5": 0.6136356555228483,
      "scr_metric_threshold_5": 0.21359220070443422,
      "scr_dir2_threshold_5": 0.21359220070443422,
      "scr_dir1_threshold_10": 0.6136356555228483,
      "scr_metric_threshold_10": 0.29611655541914644,
      "scr_dir2_threshold_10": 0.29611655541914644,
      "scr_dir1_threshold_20": 0.09090798255750158,
      "scr_metric_threshold_20": 0.3373785881050558,
      "scr_dir2_threshold_20": 0.3373785881050558,
      "scr_dir1_threshold_50": 0.20454431540632106,
      "scr_metric_threshold_50": 0.36893200933883125,
      "scr_dir2_threshold_50": 0.36893200933883125,
      "scr_dir1_threshold_100": 0.29545365261576517,
      "scr_metric_threshold_100": 0.42718440140886843,
      "scr_dir2_threshold_100": 0.42718440140886843,
      "scr_dir1_threshold_500": -0.15909167877951277,
      "scr_metric_threshold_500": 0.15533980863439703,
      "scr_dir2_threshold_500": 0.15533980863439703
    },
    {
      "dataset_name": "LabHC/bias_in_bios_class_set1_scr_attorney_teacher_results",
      "scr_dir1_threshold_2": 0.19512191576165308,
      "scr_metric_threshold_2": 0.11988288907540998,
      "scr_dir2_threshold_2": 0.11988288907540998,
      "scr_dir1_threshold_5": 0.11382115791019273,
      "scr_metric_threshold_5": 0.192982407218924,
      "scr_dir2_threshold_5": 0.192982407218924,
      "scr_dir1_threshold_10": 0.1544715368359229,
      "scr_metric_threshold_10": 0.3011695407026516,
      "scr_dir2_threshold_10": 0.3011695407026516,
      "scr_dir1_threshold_20": 0.2520322524213788,
      "scr_metric_threshold_20": 0.4064327352884586,
      "scr_dir2_threshold_20": 0.4064327352884586,
      "scr_dir1_threshold_50": 0.32520303140584134,
      "scr_metric_threshold_50": 0.45029234160501713,
      "scr_dir2_threshold_50": 0.45029234160501713,
      "scr_dir1_threshold_100": 0.24390227355438102,
      "scr_metric_threshold_100": 0.5643273528845859,
      "scr_dir2_threshold_100": 0.5643273528845859,
      "scr_dir1_threshold_500": -0.32520351599658265,
      "scr_metric_threshold_500": 0.25730993438609306,
      "scr_dir2_threshold_500": 0.25730993438609306
    },
    {
      "dataset_name": "canrager/amazon_reviews_mcauley_1and5_scr_Books_CDs_and_Vinyl_results",
      "scr_dir1_threshold_2": 0.032679708007358255,
      "scr_metric_threshold_2": 0.26470574700503113,
      "scr_dir2_threshold_2": 0.26470574700503113,
      "scr_dir1_threshold_5": 0.058823552327814645,
      "scr_metric_threshold_5": 0.3088234810732254,
      "scr_dir2_threshold_5": 0.3088234810732254,
      "scr_dir1_threshold_10": 0.07843114338852022,
      "scr_metric_threshold_10": 0.4374998219530469,