{
  "eval_type_id": "scr",
  "eval_config": {
    "random_seed": 42,
    "dataset_names": [
      "LabHC/bias_in_bios_class_set1",
      "canrager/amazon_reviews_mcauley_1and5"
    ],
    "perform_scr": true,
    "early_stopping_patience": 20,
    "train_set_size": 4000,
    "test_set_size": 1000,
    "context_length": 128,
    "probe_train_batch_size": 16,
    "probe_test_batch_size": 500,
    "probe_epochs": 20,
    "probe_lr": 0.001,
    "probe_l1_penalty": 0.001,
    "sae_batch_size": 125,
    "llm_batch_size": 1,
    "llm_dtype": "torch.bfloat16",
    "lower_vram_usage": false,
    "model_name": "google/gemma-2-2b",
    "n_values": [
      2,
      5,
      10,
      20,
      50,
      100,
      500
    ],
    "column1_vals_lookup": {
      "LabHC/bias_in_bios_class_set1": [
        [
          "professor",
          "nurse"
        ],
        [
          "architect",
          "journalist"
        ],
        [
          "surgeon",
          "psychologist"
        ],
        [
          "attorney",
          "teacher"
        ]
      ],
      "canrager/amazon_reviews_mcauley_1and5": [
        [
          "Books",
          "CDs_and_Vinyl"
        ],
        [
          "Software",
          "Electronics"
        ],
        [
          "Pet_Supplies",
          "Office_Products"
        ],
        [
          "Industrial_and_Scientific",
          "Toys_and_Games"
        ]
      ]
    }
  },
  "eval_id": "b64fa5d5-47b0-4679-9e58-be561b947192",
  "datetime_epoch_millis": 1757317361007,
  "eval_result_metrics": {
    "scr_metrics": {
      "scr_dir1_threshold_2": 0.3096347581487347,
      "scr_metric_threshold_2": 0.08100675706880445,
      "scr_dir2_threshold_2": 0.08100675706880445,
      "scr_dir1_threshold_5": 0.30385787840014156,
      "scr_metric_threshold_5": 0.1692230233621648,
      "scr_dir2_threshold_5": 0.1692230233621648,
      "scr_dir1_threshold_10": 0.30010350417446224,
      "scr_metric_threshold_10": 0.2598534703290851,
      "scr_dir2_threshold_10": 0.2598534703290851,
      "scr_dir1_threshold_20": 0.2542023374420562,
      "scr_metric_threshold_20": 0.3119542536947586,
      "scr_dir2_threshold_20": 0.3119542536947586,
      "scr_dir1_threshold_50": 0.24012604104794166,
      "scr_metric_threshold_50": 0.3961252020997572,
      "scr_dir2_threshold_50": 0.3961252020997572,
      "scr_dir1_threshold_100": 0.243011454902769,
      "scr_metric_threshold_100": 0.45894614228075403,
      "scr_dir2_threshold_100": 0.45894614228075403,
      "scr_dir1_threshold_500": -0.22074540356992567,
      "scr_metric_threshold_500": 0.4065086014281728,
      "scr_dir2_threshold_500": 0.4065086014281728
    }
  },
  "eval_result_details": [
    {
      "dataset_name": "LabHC/bias_in_bios_class_set1_scr_professor_nurse_results",
      "scr_dir1_threshold_2": 0.5714281152710146,
      "scr_metric_threshold_2": 0.021791776290628215,
      "scr_dir2_threshold_2": 0.021791776290628215,
      "scr_dir1_threshold_5": 0.6428567627258455,
      "scr_metric_threshold_5": 0.04358355258125643,
      "scr_dir2_threshold_5": 0.04358355258125643,
      "scr_dir1_threshold_10": 0.6071429711822464,
      "scr_metric_threshold_10": 0.08958838156787642,
      "scr_dir2_threshold_10": 0.08958838156787642,
      "scr_dir1_threshold_20": 0.6428567627258455,
      "scr_metric_threshold_20": 0.1016949079158723,
      "scr_dir2_threshold_20": 0.1016949079158723,
      "scr_dir1_threshold_50": 0.624999866954046,
      "scr_metric_threshold_50": 0.15980626325048816,
      "scr_dir2_threshold_50": 0.15980626325048816,
      "scr_dir1_threshold_100": 0.33928527713472234,
      "scr_metric_threshold_100": 0.24939464481836457,
      "scr_dir2_threshold_100": 0.24939464481836457,
      "scr_dir1_threshold_500": -0.9821420398605678,
      "scr_metric_threshold_500": 0.36561749980877445,
      "scr_dir2_threshold_500": 0.36561749980877445
    },
    {
      "dataset_name": "LabHC/bias_in_bios_class_set1_scr_architect_journalist_results",
      "scr_dir1_threshold_2": 0.6542055814461313,
      "scr_metric_threshold_2": 0.15028914280772662,
      "scr_dir2_threshold_2": 0.15028914280772662,
      "scr_dir1_threshold_5": 0.6448599067939272,
      "scr_metric_threshold_5": 0.26589596371489893,
      "scr_dir2_threshold_5": 0.26589596371489893,
      "scr_dir1_threshold_10": 0.6822426054027436,
      "scr_metric_threshold_10": 0.3439306711878912,
      "scr_dir2_threshold_10": 0.3439306711878912,
      "scr_dir1_threshold_20": 0.6915888371077373,
      "scr_metric_threshold_20": 0.4277456507991415,
      "scr_dir2_threshold_20": 0.4277456507991415,
      "scr_dir1_threshold_50": 0.6448599067939272,
      "scr_metric_threshold_50": 0.5693642131317296,
      "scr_dir2_threshold_50": 0.5693642131317296,
      "scr_dir1_threshold_100": 0.411214698172087,
      "scr_metric_threshold_100": 0.6676300453563764,
      "scr_dir2_threshold_100": 0.6676300453563764,
      "scr_dir1_threshold_500": -1.1962619529602343,
      "scr_metric_threshold_500": -0.12427740138231089,
      "scr_dir2_threshold_500": -0.12427740138231089
    },
    {
      "dataset_name": "LabHC/bias_in_bios_class_set1_scr_surgeon_psychologist_results",
      "scr_dir1_threshold_2": 0.7045449927322923,
      "scr_metric_threshold_2": 0.04126217735735612,
      "scr_dir2_threshold_2": 0.04126217735735612,
      "scr_dir1_threshold_5": 0.7045449927322923,
      "scr_metric_threshold_5": 0.23300971295159553,
      "scr_dir2_threshold_5": 0.23300971295159553,
      "scr_dir1_threshold_10": 0.6818179970929169,
      "scr_metric_threshold_10": 0.3179612205293412,
      "scr_dir2_threshold_10": 0.3179612205293412,
      "scr_dir1_threshold_20": 0.04545399127875079,
      "scr_metric_threshold_20": 0.34223303850256953,
      "scr_dir2_threshold_20": 0.34223303850256953,
      "scr_dir1_threshold_50": 0.18181731976694568,
      "scr_metric_threshold_50": 0.3786407654624119,
      "scr_dir2_threshold_50": 0.3786407654624119,
      "scr_dir1_threshold_100": 0.454545331395278,
      "scr_metric_threshold_100": 0.41747578995673457,
      "scr_dir2_threshold_100": 0.41747578995673457,
      "scr_dir1_threshold_500": 0.09090798255750158,
      "scr_metric_threshold_500": 0.07766990431719852,
      "scr_dir2_threshold_500": 0.07766990431719852
    },
    {
      "dataset_name": "LabHC/bias_in_bios_class_set1_scr_attorney_teacher_results",
      "scr_dir1_threshold_2": 0.26829269474611567,
      "scr_metric_threshold_2": 0.13742687102809992,
      "scr_dir2_threshold_2": 0.13742687102809992,
      "scr_dir1_threshold_5": 0.13008111564418828,
      "scr_metric_threshold_5": 0.21929820586537577,
      "scr_dir2_threshold_5": 0.21929820586537577,
      "scr_dir1_threshold_10": 0.1869919368946553,
      "scr_metric_threshold_10": 0.3187133483727584,
      "scr_dir2_threshold_10": 0.3187133483727584,
      "scr_dir1_threshold_20": 0.23577229468738325,
      "scr_metric_threshold_20": 0.36842100676774125,
      "scr_dir2_threshold_20": 0.36842100676774125,
      "scr_dir1_threshold_50": 0.11382115791019273,
      "scr_metric_threshold_50": 0.4853801312278138,
      "scr_dir2_threshold_50": 0.4853801312278138,
      "scr_dir1_threshold_100": 0.21138187349564863,
      "scr_metric_threshold_100": 0.5614034139866653,
      "scr_dir2_threshold_100": 0.5614034139866653,
      "scr_dir1_threshold_500": 0.1869919368946553,
      "scr_metric_threshold_500": 0.5087718166937618,
      "scr_dir2_threshold_500": 0.5087718166937618
    },
    {
      "dataset_name": "canrager/amazon_reviews_mcauley_1and5_scr_Books_CDs_and_Vinyl_results",
      "scr_dir1_threshold_2": 0.019607980633554532,
      "scr_metric_threshold_2": 0.14705867529122454,
      "scr_dir2_threshold_2": 0.14705867529122454,
      "scr_dir1_threshold_5": -0.032679708007358255,
      "scr_metric_threshold_5": 0.24999983564896636,
      "scr_dir2_threshold_5": 0.24999983564896636,
      "scr_dir1_threshold_10": -0.07843153296136918,
      "scr_metric_threshold_10": 0.4338233988977086,