{
  "eval_type_id": "scr",
  "eval_config": {
    "random_seed": 42,
    "dataset_names": [
      "LabHC/bias_in_bios_class_set1",
      "canrager/amazon_reviews_mcauley_1and5"
    ],
    "perform_scr": true,
    "early_stopping_patience": 20,
    "train_set_size": 4000,
    "test_set_size": 1000,
    "context_length": 128,
    "probe_train_batch_size": 16,
    "probe_test_batch_size": 500,
    "probe_epochs": 20,
    "probe_lr": 0.001,
    "probe_l1_penalty": 0.001,
    "sae_batch_size": 125,
    "llm_batch_size": 1,
    "llm_dtype": "torch.bfloat16",
    "lower_vram_usage": false,
    "model_name": "google/gemma-2-2b",
    "n_values": [
      2,
      5,
      10,
      20,
      50,
      100,
      500
    ],
    "column1_vals_lookup": {
      "LabHC/bias_in_bios_class_set1": [
        [
          "professor",
          "nurse"
        ],
        [
          "architect",
          "journalist"
        ],
        [
          "surgeon",
          "psychologist"
        ],
        [
          "attorney",
          "teacher"
        ]
      ],
      "canrager/amazon_reviews_mcauley_1and5": [
        [
          "Books",
          "CDs_and_Vinyl"
        ],
        [
          "Software",
          "Electronics"
        ],
        [
          "Pet_Supplies",
          "Office_Products"
        ],
        [
          "Industrial_and_Scientific",
          "Toys_and_Games"
        ]
      ]
    }
  },
  "eval_id": "66eb385f-7707-485f-9a41-bc751086d35e",
  "datetime_epoch_millis": 1754739797953,
  "eval_result_metrics": {
    "scr_metrics": {
      "scr_dir1_threshold_2": 0.323046411960281,
      "scr_metric_threshold_2": 0.07794579618338673,
      "scr_dir2_threshold_2": 0.07794579618338673,
      "scr_dir1_threshold_5": 0.3107996608867647,
      "scr_metric_threshold_5": 0.17438880059923173,
      "scr_dir2_threshold_5": 0.17438880059923173,
      "scr_dir1_threshold_10": 0.34509591505297904,
      "scr_metric_threshold_10": 0.2545405549550178,
      "scr_dir2_threshold_10": 0.2545405549550178,
      "scr_dir1_threshold_20": 0.2706141048838141,
      "scr_metric_threshold_20": 0.3187584356453954,
      "scr_dir2_threshold_20": 0.3187584356453954,
      "scr_dir1_threshold_50": 0.2954113280502678,
      "scr_metric_threshold_50": 0.3766246877306482,
      "scr_dir2_threshold_50": 0.3766246877306482,
      "scr_dir1_threshold_100": 0.25702769718272195,
      "scr_metric_threshold_100": 0.4440142942201406,
      "scr_dir2_threshold_100": 0.4440142942201406,
      "scr_dir1_threshold_500": -0.17872657310957618,
      "scr_metric_threshold_500": 0.4687612433768248,
      "scr_dir2_threshold_500": 0.4687612433768248
    }
  },
  "eval_result_details": [
    {
      "dataset_name": "LabHC/bias_in_bios_class_set1_scr_professor_nurse_results",
      "scr_dir1_threshold_2": 0.6071429711822464,
      "scr_metric_threshold_2": 0.03147702623326055,
      "scr_dir2_threshold_2": 0.03147702623326055,
      "scr_dir1_threshold_5": 0.624999866954046,
      "scr_metric_threshold_5": 0.046004828986619985,
      "scr_dir2_threshold_5": 0.046004828986619985,
      "scr_dir1_threshold_10": 0.624999866954046,
      "scr_metric_threshold_10": 0.06537532887188464,
      "scr_dir2_threshold_10": 0.06537532887188464,
      "scr_dir1_threshold_20": 0.6607136584976451,
      "scr_metric_threshold_20": 0.09443093437860352,
      "scr_dir2_threshold_20": 0.09443093437860352,
      "scr_dir1_threshold_50": 0.41071392458955325,
      "scr_metric_threshold_50": 0.1573849868451246,
      "scr_dir2_threshold_50": 0.1573849868451246,
      "scr_dir1_threshold_100": 0.32142838136292273,
      "scr_metric_threshold_100": 0.22276031571700927,
      "scr_dir2_threshold_100": 0.22276031571700927,
      "scr_dir1_threshold_500": -1.4107128602219206,
      "scr_metric_threshold_500": 0.13801448695985996,
      "scr_dir2_threshold_500": 0.13801448695985996
    },
    {
      "dataset_name": "LabHC/bias_in_bios_class_set1_scr_architect_journalist_results",
      "scr_dir1_threshold_2": 0.6635512560983354,
      "scr_metric_threshold_2": 0.1531792788768556,
      "scr_dir2_threshold_2": 0.1531792788768556,
      "scr_dir1_threshold_5": 0.6542055814461313,
      "scr_metric_threshold_5": 0.25722555550751197,
      "scr_dir2_threshold_5": 0.25722555550751197,
      "scr_dir1_threshold_10": 0.6822426054027436,
      "scr_metric_threshold_10": 0.3439306711878912,
      "scr_dir2_threshold_10": 0.3439306711878912,
      "scr_dir1_threshold_20": 0.7009345117599415,
      "scr_metric_threshold_20": 0.4797687891144697,
      "scr_dir2_threshold_20": 0.4797687891144697,
      "scr_dir1_threshold_50": 0.448597953833693,
      "scr_metric_threshold_50": 0.5780347936068682,
      "scr_dir2_threshold_50": 0.5780347936068682,
      "scr_dir1_threshold_100": 0.10280353527982433,
      "scr_metric_threshold_100": 0.7254336280777142,
      "scr_dir2_threshold_100": 0.7254336280777142,
      "scr_dir1_threshold_500": 0.018691349304408182,
      "scr_metric_threshold_500": 0.8323700407774995,
      "scr_dir2_threshold_500": 0.8323700407774995
    },
    {
      "dataset_name": "LabHC/bias_in_bios_class_set1_scr_surgeon_psychologist_results",
      "scr_dir1_threshold_2": 0.7272719883716677,
      "scr_metric_threshold_2": 0.04126217735735612,
      "scr_dir2_threshold_2": 0.04126217735735612,
      "scr_dir1_threshold_5": 0.6136356555228483,
      "scr_metric_threshold_5": 0.25485437806179034,
      "scr_dir2_threshold_5": 0.25485437806179034,
      "scr_dir1_threshold_10": 0.7272719883716677,
      "scr_metric_threshold_10": 0.3179612205293412,
      "scr_dir2_threshold_10": 0.3179612205293412,
      "scr_dir1_threshold_20": 0.04545399127875079,
      "scr_metric_threshold_20": 0.344660191365603,
      "scr_dir2_threshold_20": 0.344660191365603,
      "scr_dir1_threshold_50": 0.27272665697638976,
      "scr_metric_threshold_50": 0.35194179462615016,
      "scr_dir2_threshold_50": 0.35194179462615016,
      "scr_dir1_threshold_100": 0.3863629898252093,
      "scr_metric_threshold_100": 0.4077670338331539,
      "scr_dir2_threshold_100": 0.4077670338331539,
      "scr_dir1_threshold_500": -0.6818193517448594,
      "scr_metric_threshold_500": 0.21116504784140075,
      "scr_dir2_threshold_500": 0.21116504784140075
    },
    {
      "dataset_name": "LabHC/bias_in_bios_class_set1_scr_attorney_teacher_results",
      "scr_dir1_threshold_2": 0.3170730525388436,
      "scr_metric_threshold_2": 0.12280700225591376,
      "scr_dir2_threshold_2": 0.12280700225591376,
      "scr_dir1_threshold_5": 0.17073149456991846,
      "scr_metric_threshold_5": 0.19590634611684463,
      "scr_dir2_threshold_5": 0.19590634611684463,
      "scr_dir1_threshold_10": 0.23577229468738325,
      "scr_metric_threshold_10": 0.32456140045118276,
      "scr_dir2_threshold_10": 0.32456140045118276,
      "scr_dir1_threshold_20": 0.21138187349564863,
      "scr_metric_threshold_20": 0.4064327352884586,
      "scr_dir2_threshold_20": 0.4064327352884586,
      "scr_dir1_threshold_50": 0.6666665051364196,
      "scr_metric_threshold_50": 0.3713449456656619,
      "scr_dir2_threshold_50": 0.3713449456656619,
      "scr_dir1_threshold_100": 0.6341465896684285,
      "scr_metric_threshold_100": 0.42105260406064476,
      "scr_dir2_threshold_100": 0.42105260406064476,
      "scr_dir1_threshold_500": 0.5528453472262268,
      "scr_metric_threshold_500": 0.28070161985204106,
      "scr_dir2_threshold_500": 0.28070161985204106
    },
    {
      "dataset_name": "canrager/amazon_reviews_mcauley_1and5_scr_Books_CDs_and_Vinyl_results",
      "scr_dir1_threshold_2": 0.013071727373803719,
      "scr_metric_threshold_2": 0.14705867529122454,
      "scr_dir2_threshold_2": 0.14705867529122454,
      "scr_dir1_threshold_5": 0.03921557169426011,
      "scr_metric_threshold_5": 0.27573523530575755,
      "scr_dir2_threshold_5": 0.27573523530575755,
      "scr_dir1_threshold_10": 0.05228768864091279,
      "scr_metric_threshold_10": 0.4632352216098381,