,core,absorption_fraction,absorption_full,ravel,autointerp,scr,sparse_probing,tpp,unlearning
fvu_only,0.9983844911147012,0.7644091149383745,0.9080651112538279,0.6013161637964346,0.7371428608894348,0.1453643550484703,0.8354874999999999,0.24047501981258393,0.018099486827850342
100fvu_hsic,0.9967689822294022,0.9316583215656965,0.9875090483882526,0.6038414142805637,0.7359694242477417,0.1793204487525432,0.85440625,0.026274994015693665,0.13800901174545288
