{
  "eval_type_id": "scr",
  "eval_config": {
    "random_seed": 42,
    "dataset_names": [
      "LabHC/bias_in_bios_class_set1",
      "canrager/amazon_reviews_mcauley_1and5"
    ],
    "perform_scr": true,
    "early_stopping_patience": 20,
    "train_set_size": 4000,
    "test_set_size": 1000,
    "context_length": 128,
    "probe_train_batch_size": 16,
    "probe_test_batch_size": 500,
    "probe_epochs": 20,
    "probe_lr": 0.001,
    "probe_l1_penalty": 0.001,
    "sae_batch_size": 125,
    "llm_batch_size": 1,
    "llm_dtype": "torch.bfloat16",
    "lower_vram_usage": false,
    "model_name": "google/gemma-2-2b",
    "n_values": [
      2,
      5,
      10,
      20,
      50,
      100,
      500
    ],
    "column1_vals_lookup": {
      "LabHC/bias_in_bios_class_set1": [
        [
          "professor",
          "nurse"
        ],
        [
          "architect",
          "journalist"
        ],
        [
          "surgeon",
          "psychologist"
        ],
        [
          "attorney",
          "teacher"
        ]
      ],
      "canrager/amazon_reviews_mcauley_1and5": [
        [
          "Books",
          "CDs_and_Vinyl"
        ],
        [
          "Software",
          "Electronics"
        ],
        [
          "Pet_Supplies",
          "Office_Products"
        ],
        [
          "Industrial_and_Scientific",
          "Toys_and_Games"
        ]
      ]
    }
  },
  "eval_id": "82048816-ac00-4ded-8279-cad790aa7a78",
  "datetime_epoch_millis": 1766895261535,
  "eval_result_metrics": {
    "scr_metrics": {
      "scr_dir1_threshold_2": 0.09823850165798402,
      "scr_metric_threshold_2": 0.03707934519986696,
      "scr_dir2_threshold_2": 0.03707934519986696,
      "scr_dir1_threshold_5": 0.20340613430558352,
      "scr_metric_threshold_5": 0.062372338067728836,
      "scr_dir2_threshold_5": 0.062372338067728836,
      "scr_dir1_threshold_10": 0.22154301794418096,
      "scr_metric_threshold_10": 0.07293354535250661,
      "scr_dir2_threshold_10": 0.07293354535250661,
      "scr_dir1_threshold_20": 0.21759758964161338,
      "scr_metric_threshold_20": 0.08960534928112314,
      "scr_dir2_threshold_20": 0.08960534928112314,
      "scr_dir1_threshold_50": 0.2718207047979752,
      "scr_metric_threshold_50": 0.11508799705016627,
      "scr_dir2_threshold_50": 0.11508799705016627,
      "scr_dir1_threshold_100": 0.3070630932473626,
      "scr_metric_threshold_100": 0.13470221968217969,
      "scr_dir2_threshold_100": 0.13470221968217969,
      "scr_dir1_threshold_500": 0.2989678518529331,
      "scr_metric_threshold_500": 0.2130679677516824,
      "scr_dir2_threshold_500": 0.2130679677516824
    }
  },
  "eval_result_details": [
    {
      "dataset_name": "LabHC/bias_in_bios_class_set1_scr_professor_nurse_results",
      "scr_dir1_threshold_2": 0.13333346578796265,
      "scr_metric_threshold_2": 0.007058872698086214,
      "scr_dir2_threshold_2": 0.007058872698086214,
      "scr_dir1_threshold_5": 0.2666669315759253,
      "scr_metric_threshold_5": 0.01647051596724241,
      "scr_dir2_threshold_5": 0.01647051596724241,
      "scr_dir1_threshold_10": 0.400000397363888,
      "scr_metric_threshold_10": 0.021176477848039575,
      "scr_dir2_threshold_10": 0.021176477848039575,
      "scr_dir1_threshold_20": 0.43333326710601866,
      "scr_metric_threshold_20": 0.018823567030750527,
      "scr_dir2_threshold_20": 0.018823567030750527,
      "scr_dir1_threshold_50": 0.4666681236675892,
      "scr_metric_threshold_50": 0.03058826136341484,
      "scr_dir2_threshold_50": 0.03058826136341484,
      "scr_dir1_threshold_100": 0.5999996026361121,
      "scr_metric_threshold_100": 0.02823535054612579,
      "scr_dir2_threshold_100": 0.02823535054612579,
      "scr_dir1_threshold_500": 0.5999996026361121,
      "scr_metric_threshold_500": 0.06588234436140777,
      "scr_dir2_threshold_500": 0.06588234436140777
    },
    {
      "dataset_name": "LabHC/bias_in_bios_class_set1_scr_architect_journalist_results",
      "scr_dir1_threshold_2": 0.12328769360278982,
      "scr_metric_threshold_2": 0.023621900656104807,
      "scr_dir2_threshold_2": 0.023621900656104807,
      "scr_dir1_threshold_5": 0.3698630808083695,
      "scr_metric_threshold_5": 0.06036730542719871,
      "scr_dir2_threshold_5": 0.06036730542719871,
      "scr_dir1_threshold_10": 0.19178076599302543,
      "scr_metric_threshold_10": 0.09711286664093707,
      "scr_dir2_threshold_10": 0.09711286664093707,
      "scr_dir1_threshold_20": 0.24657538720557964,
      "scr_metric_threshold_20": 0.13910754790391106,
      "scr_dir2_threshold_20": 0.13910754790391106,
      "scr_dir1_threshold_50": 0.3972607996655608,
      "scr_metric_threshold_50": 0.2099737192001588,
      "scr_dir2_threshold_50": 0.2099737192001588,
      "scr_dir1_threshold_100": 0.3698630808083695,
      "scr_metric_threshold_100": 0.11286085255922175,
      "scr_dir2_threshold_100": 0.11286085255922175,
      "scr_dir1_threshold_500": 0.38356153198605086,
      "scr_metric_threshold_500": 0.2519684004631328,
      "scr_dir2_threshold_500": 0.2519684004631328
    },
    {
      "dataset_name": "LabHC/bias_in_bios_class_set1_scr_surgeon_psychologist_results",
      "scr_dir1_threshold_2": 0.3333333333333333,
      "scr_metric_threshold_2": 0.022112883580414352,
      "scr_dir2_threshold_2": 0.022112883580414352,
      "scr_dir1_threshold_5": 0.29629678686932237,
      "scr_metric_threshold_5": 0.03685500123236629,
      "scr_dir2_threshold_5": 0.03685500123236629,
      "scr_dir1_threshold_10": 0.44444518030398356,
      "scr_metric_threshold_10": 0.041768942817179085,
      "scr_dir2_threshold_10": 0.041768942817179085,
      "scr_dir1_threshold_20": 0.29629678686932237,
      "scr_metric_threshold_20": 0.04422591360958548,
      "scr_dir2_threshold_20": 0.04422591360958548,
      "scr_dir1_threshold_50": 0.4814817267679945,
      "scr_metric_threshold_50": 0.051596972435561446,
      "scr_dir2_threshold_50": 0.051596972435561446,
      "scr_dir1_threshold_100": 0.44444518030398356,
      "scr_metric_threshold_100": 0.07862394404954537,
      "scr_dir2_threshold_100": 0.07862394404954537,
      "scr_dir1_threshold_500": 0.3333333333333333,
      "scr_metric_threshold_500": 0.17936106457701864,
      "scr_dir2_threshold_500": 0.17936106457701864
    },
    {
      "dataset_name": "LabHC/bias_in_bios_class_set1_scr_attorney_teacher_results",
      "scr_dir1_threshold_2": 0.010752550341893544,
      "scr_metric_threshold_2": 0.010752550341893544,
      "scr_dir2_threshold_2": 0.010752550341893544,
      "scr_dir1_threshold_5": 0.38709693958972774,
      "scr_metric_threshold_5": 0.05107525503418935,
      "scr_dir2_threshold_5": 0.05107525503418935,
      "scr_dir1_threshold_10": 0.25806441275642017,
      "scr_metric_threshold_10": 0.05645153020513612,
      "scr_dir2_threshold_10": 0.05645153020513612,
      "scr_dir1_threshold_20": 0.32258035571797644,
      "scr_metric_threshold_20": 0.05376339261966274,
      "scr_dir2_threshold_20": 0.05376339261966274,
      "scr_dir1_threshold_50": 0.2688169630983137,
      "scr_metric_threshold_50": 0.029569833895304758,
      "scr_dir2_threshold_50": 0.029569833895304758,
      "scr_dir1_threshold_100": 0.3548386476538521,
      "scr_metric_threshold_100": 0.06720424077457843,
      "scr_dir2_threshold_100": 0.06720424077457843,
      "scr_dir1_threshold_500": 0.44086033220939047,
      "scr_metric_threshold_500": 0.005376275170946772,
      "scr_dir2_threshold_500": 0.005376275170946772
    },
    {
      "dataset_name": "canrager/amazon_reviews_mcauley_1and5_scr_Books_CDs_and_Vinyl_results",
      "scr_dir1_threshold_2": -0.006992916634363452,
      "scr_metric_threshold_2": 0.10878669644404708,
      "scr_dir2_threshold_2": 0.10878669644404708,
      "scr_dir1_threshold_5": 0.013985833268726903,
      "scr_metric_threshold_5": 0.16317979527427487,
      "scr_dir2_threshold_5": 0.16317979527427487,
      "scr_dir1_threshold_10": 0.013985833268726903,