{
  "eval_type_id": "scr",
  "eval_config": {
    "random_seed": 42,
    "dataset_names": [
      "LabHC/bias_in_bios_class_set1",
      "canrager/amazon_reviews_mcauley_1and5"
    ],
    "perform_scr": true,
    "early_stopping_patience": 20,
    "train_set_size": 4000,
    "test_set_size": 1000,
    "context_length": 128,
    "probe_train_batch_size": 16,
    "probe_test_batch_size": 500,
    "probe_epochs": 20,
    "probe_lr": 0.001,
    "probe_l1_penalty": 0.001,
    "sae_batch_size": 125,
    "llm_batch_size": 1,
    "llm_dtype": "torch.bfloat16",
    "lower_vram_usage": false,
    "model_name": "google/gemma-2-2b",
    "n_values": [
      2,
      5,
      10,
      20,
      50,
      100,
      500
    ],
    "column1_vals_lookup": {
      "LabHC/bias_in_bios_class_set1": [
        [
          "professor",
          "nurse"
        ],
        [
          "architect",
          "journalist"
        ],
        [
          "surgeon",
          "psychologist"
        ],
        [
          "attorney",
          "teacher"
        ]
      ],
      "canrager/amazon_reviews_mcauley_1and5": [
        [
          "Books",
          "CDs_and_Vinyl"
        ],
        [
          "Software",
          "Electronics"
        ],
        [
          "Pet_Supplies",
          "Office_Products"
        ],
        [
          "Industrial_and_Scientific",
          "Toys_and_Games"
        ]
      ]
    }
  },
  "eval_id": "73b38bb4-e7b8-49a6-815c-3b832c9ae0a0",
  "datetime_epoch_millis": 1767165521553,
  "eval_result_metrics": {
    "scr_metrics": {
      "scr_dir1_threshold_2": 0.07123813005803924,
      "scr_metric_threshold_2": 0.0496012999746696,
      "scr_dir2_threshold_2": 0.0496012999746696,
      "scr_dir1_threshold_5": 0.24613924488888161,
      "scr_metric_threshold_5": 0.07942819880145517,
      "scr_dir2_threshold_5": 0.07942819880145517,
      "scr_dir1_threshold_10": 0.3271134238689899,
      "scr_metric_threshold_10": 0.10456338632807399,
      "scr_dir2_threshold_10": 0.10456338632807399,
      "scr_dir1_threshold_20": 0.35677074726669866,
      "scr_metric_threshold_20": 0.13718073953244564,
      "scr_dir2_threshold_20": 0.13718073953244564,
      "scr_dir1_threshold_50": 0.3667992079423161,
      "scr_metric_threshold_50": 0.1929585035136208,
      "scr_dir2_threshold_50": 0.1929585035136208,
      "scr_dir1_threshold_100": 0.2954521430110192,
      "scr_metric_threshold_100": 0.21092653856994578,
      "scr_dir2_threshold_100": 0.21092653856994578,
      "scr_dir1_threshold_500": 0.0779019190773541,
      "scr_metric_threshold_500": 0.26428120944311684,
      "scr_dir2_threshold_500": 0.26428120944311684
    }
  },
  "eval_result_details": [
    {
      "dataset_name": "LabHC/bias_in_bios_class_set1_scr_professor_nurse_results",
      "scr_dir1_threshold_2": 0.10000059604583195,
      "scr_metric_threshold_2": -0.002352910817289049,
      "scr_dir2_threshold_2": -0.002352910817289049,
      "scr_dir1_threshold_5": 0.43333326710601866,
      "scr_metric_threshold_5": 0.018823567030750527,
      "scr_dir2_threshold_5": 0.018823567030750527,
      "scr_dir1_threshold_10": 0.6333344591976826,
      "scr_metric_threshold_10": 0.011764694332664312,
      "scr_dir2_threshold_10": 0.011764694332664312,
      "scr_dir1_threshold_20": 0.43333326710601866,
      "scr_metric_threshold_20": 0.025882299482617672,
      "scr_dir2_threshold_20": 0.025882299482617672,
      "scr_dir1_threshold_50": 0.6333344591976826,
      "scr_metric_threshold_50": 0.04235295569607915,
      "scr_dir2_threshold_50": 0.04235295569607915,
      "scr_dir1_threshold_100": 0.5666667328939813,
      "scr_metric_threshold_100": 0.025882299482617672,
      "scr_dir2_threshold_100": 0.025882299482617672,
      "scr_dir1_threshold_500": 0.4666681236675892,
      "scr_metric_threshold_500": 0.09176464384402545,
      "scr_dir2_threshold_500": 0.09176464384402545
    },
    {
      "dataset_name": "LabHC/bias_in_bios_class_set1_scr_architect_journalist_results",
      "scr_dir1_threshold_2": 0.054794621212554205,
      "scr_metric_threshold_2": 0.05774266718125867,
      "scr_dir2_threshold_2": 0.05774266718125867,
      "scr_dir1_threshold_5": 0.20548003367253542,
      "scr_metric_threshold_5": 0.10498678137875718,
      "scr_dir2_threshold_5": 0.10498678137875718,
      "scr_dir1_threshold_10": 0.45205542087811507,
      "scr_metric_threshold_10": 0.17585295267500495,
      "scr_dir2_threshold_10": 0.17585295267500495,
      "scr_dir1_threshold_20": 0.5753422979790763,
      "scr_metric_threshold_20": 0.23097113805296804,
      "scr_dir2_threshold_20": 0.23097113805296804,
      "scr_dir1_threshold_50": 0.47945232323347786,
      "scr_metric_threshold_50": 0.3280840046939051,
      "scr_dir2_threshold_50": 0.3280840046939051,
      "scr_dir1_threshold_100": 0.45205542087811507,
      "scr_metric_threshold_100": 0.1889763003473496,
      "scr_dir2_threshold_100": 0.1889763003473496,
      "scr_dir1_threshold_500": -0.17808149831351547,
      "scr_metric_threshold_500": 0.047243957754854064,
      "scr_dir2_threshold_500": 0.047243957754854064
    },
    {
      "dataset_name": "LabHC/bias_in_bios_class_set1_scr_surgeon_psychologist_results",
      "scr_dir1_threshold_2": 0.37036987979734426,
      "scr_metric_threshold_2": 0.022112883580414352,
      "scr_dir2_threshold_2": 0.022112883580414352,
      "scr_dir1_threshold_5": 0.7407397595946885,
      "scr_metric_threshold_5": 0.051596972435561446,
      "scr_dir2_threshold_5": 0.051596972435561446,
      "scr_dir1_threshold_10": 0.6296301202026557,
      "scr_metric_threshold_10": 0.058968031261537414,
      "scr_dir2_threshold_10": 0.058968031261537414,
      "scr_dir1_threshold_20": 0.7777763060586995,
      "scr_metric_threshold_20": 0.07125303167232618,
      "scr_dir2_threshold_20": 0.07125303167232618,
      "scr_dir1_threshold_50": 0.7407397595946885,
      "scr_metric_threshold_50": 0.11547909173066843,
      "scr_dir2_threshold_50": 0.11547909173066843,
      "scr_dir1_threshold_100": 0.5555548196960164,
      "scr_metric_threshold_100": 0.14496303413705874,
      "scr_dir2_threshold_100": 0.14496303413705874,
      "scr_dir1_threshold_500": -1.037036546464011,
      "scr_metric_threshold_500": 0.3243242451628342,
      "scr_dir2_threshold_500": 0.3243242451628342
    },
    {
      "dataset_name": "LabHC/bias_in_bios_class_set1_scr_attorney_teacher_results",
      "scr_dir1_threshold_2": -0.13978507717520114,
      "scr_metric_threshold_2": 0.04838711744871597,
      "scr_dir2_threshold_2": 0.04838711744871597,
      "scr_dir1_threshold_5": 0.19354846979486387,
      "scr_metric_threshold_5": 0.045698819635693826,
      "scr_dir2_threshold_5": 0.045698819635693826,
      "scr_dir1_threshold_10": 0.38709693958972774,
      "scr_metric_threshold_10": 0.07795695134402073,
      "scr_dir2_threshold_10": 0.07795695134402073,
      "scr_dir1_threshold_20": 0.5053762751709467,
      "scr_metric_threshold_20": 0.11021508305234762,
      "scr_dir2_threshold_20": 0.11021508305234762,
      "scr_dir1_threshold_50": 0.43010778186749693,
      "scr_metric_threshold_50": 0.15860204027351482,
      "scr_dir2_threshold_50": 0.15860204027351482,
      "scr_dir1_threshold_100": 0.5591396677906095,
      "scr_metric_threshold_100": 0.16397847567201035,
      "scr_dir2_threshold_100": 0.16397847567201035,
      "scr_dir1_threshold_500": 0.3978494899316213,
      "scr_metric_threshold_500": 0.17473118624145267,
      "scr_dir2_threshold_500": 0.17473118624145267
    },
    {
      "dataset_name": "canrager/amazon_reviews_mcauley_1and5_scr_Books_CDs_and_Vinyl_results",
      "scr_dir1_threshold_2": -0.04195791662185898,
      "scr_metric_threshold_2": 0.16736409082350417,
      "scr_dir2_threshold_2": 0.16736409082350417,
      "scr_dir1_threshold_5": -0.013986250084405174,
      "scr_metric_threshold_5": 0.18410027545323843,
      "scr_dir2_threshold_5": 0.18410027545323843,
      "scr_dir1_threshold_10": 0.0,