{
  "eval_type_id": "scr",
  "eval_config": {
    "random_seed": 42,
    "dataset_names": [
      "LabHC/bias_in_bios_class_set1",
      "canrager/amazon_reviews_mcauley_1and5"
    ],
    "perform_scr": true,
    "early_stopping_patience": 20,
    "train_set_size": 4000,
    "test_set_size": 1000,
    "context_length": 128,
    "probe_train_batch_size": 16,
    "probe_test_batch_size": 500,
    "probe_epochs": 20,
    "probe_lr": 0.001,
    "probe_l1_penalty": 0.001,
    "sae_batch_size": 125,
    "llm_batch_size": 1,
    "llm_dtype": "torch.bfloat16",
    "lower_vram_usage": false,
    "model_name": "google/gemma-2-2b",
    "n_values": [
      2,
      5,
      10,
      20,
      50,
      100,
      500
    ],
    "column1_vals_lookup": {
      "LabHC/bias_in_bios_class_set1": [
        [
          "professor",
          "nurse"
        ],
        [
          "architect",
          "journalist"
        ],
        [
          "surgeon",
          "psychologist"
        ],
        [
          "attorney",
          "teacher"
        ]
      ],
      "canrager/amazon_reviews_mcauley_1and5": [
        [
          "Books",
          "CDs_and_Vinyl"
        ],
        [
          "Software",
          "Electronics"
        ],
        [
          "Pet_Supplies",
          "Office_Products"
        ],
        [
          "Industrial_and_Scientific",
          "Toys_and_Games"
        ]
      ]
    }
  },
  "eval_id": "f423cf4f-005f-4a03-b1ba-dfcbd4813f7a",
  "datetime_epoch_millis": 1766897656357,
  "eval_result_metrics": {
    "scr_metrics": {
      "scr_dir1_threshold_2": 0.033649011246843795,
      "scr_metric_threshold_2": 0.019614171863921396,
      "scr_dir2_threshold_2": 0.019614171863921396,
      "scr_dir1_threshold_5": 0.0876556460681127,
      "scr_metric_threshold_5": 0.035201253312445974,
      "scr_dir2_threshold_5": 0.035201253312445974,
      "scr_dir1_threshold_10": 0.10569704570932553,
      "scr_metric_threshold_10": 0.04732933615685024,
      "scr_dir2_threshold_10": 0.04732933615685024,
      "scr_dir1_threshold_20": 0.12499454613957917,
      "scr_metric_threshold_20": 0.06791604017048648,
      "scr_dir2_threshold_20": 0.06791604017048648,
      "scr_dir1_threshold_50": 0.1386915652880083,
      "scr_metric_threshold_50": 0.09278472171579447,
      "scr_dir2_threshold_50": 0.09278472171579447,
      "scr_dir1_threshold_100": 0.13552567627471673,
      "scr_metric_threshold_100": 0.11533066895808884,
      "scr_dir2_threshold_100": 0.11533066895808884,
      "scr_dir1_threshold_500": 0.1044927691430645,
      "scr_metric_threshold_500": 0.16501551705409861,
      "scr_dir2_threshold_500": 0.16501551705409861
    }
  },
  "eval_result_details": [
    {
      "dataset_name": "LabHC/bias_in_bios_class_set1_scr_professor_nurse_results",
      "scr_dir1_threshold_2": 0.06666772630370124,
      "scr_metric_threshold_2": 0.0,
      "scr_dir2_threshold_2": 0.0,
      "scr_dir1_threshold_5": 0.1666683223495332,
      "scr_metric_threshold_5": 0.004705821634578098,
      "scr_dir2_threshold_5": 0.004705821634578098,
      "scr_dir1_threshold_10": 0.1666683223495332,
      "scr_metric_threshold_10": 0.007058872698086214,
      "scr_dir2_threshold_10": 0.007058872698086214,
      "scr_dir1_threshold_20": 0.2000011920916639,
      "scr_metric_threshold_20": 0.01411760514995336,
      "scr_dir2_threshold_20": 0.01411760514995336,
      "scr_dir1_threshold_50": 0.2333340618337946,
      "scr_metric_threshold_50": 0.023529388665328624,
      "scr_dir2_threshold_50": 0.023529388665328624,
      "scr_dir1_threshold_100": 0.2333340618337946,
      "scr_metric_threshold_100": 0.025882299482617672,
      "scr_dir2_threshold_100": 0.025882299482617672,
      "scr_dir1_threshold_500": 0.1666683223495332,
      "scr_metric_threshold_500": 0.07529412787678304,
      "scr_dir2_threshold_500": 0.07529412787678304
    },
    {
      "dataset_name": "LabHC/bias_in_bios_class_set1_scr_architect_journalist_results",
      "scr_dir1_threshold_2": 0.027397718857191382,
      "scr_metric_threshold_2": 0.007873914737820118,
      "scr_dir2_threshold_2": 0.007873914737820118,
      "scr_dir1_threshold_5": 0.095890791247427,
      "scr_metric_threshold_5": 0.020997262410164766,
      "scr_dir2_threshold_5": 0.020997262410164766,
      "scr_dir1_threshold_10": 0.13698696128229979,
      "scr_metric_threshold_10": 0.05249339068937859,
      "scr_dir2_threshold_10": 0.05249339068937859,
      "scr_dir1_threshold_20": 0.12328769360278982,
      "scr_metric_threshold_20": 0.10236214313281715,
      "scr_dir2_threshold_20": 0.10236214313281715,
      "scr_dir1_threshold_50": 0.1506854124599812,
      "scr_metric_threshold_50": 0.14698161908437563,
      "scr_dir2_threshold_50": 0.14698161908437563,
      "scr_dir1_threshold_100": 0.08219234006974559,
      "scr_metric_threshold_100": 0.2047242862656343,
      "scr_dir2_threshold_100": 0.2047242862656343,
      "scr_dir1_threshold_500": -0.041095353533044235,
      "scr_metric_threshold_500": 0.3070865858410959,
      "scr_dir2_threshold_500": 0.3070865858410959
    },
    {
      "dataset_name": "LabHC/bias_in_bios_class_set1_scr_surgeon_psychologist_results",
      "scr_dir1_threshold_2": 0.0740730929280219,
      "scr_metric_threshold_2": 0.0024569707924063976,
      "scr_dir2_threshold_2": 0.0024569707924063976,
      "scr_dir1_threshold_5": 0.2222214863626831,
      "scr_metric_threshold_5": 0.019655912788007955,
      "scr_dir2_threshold_5": 0.019655912788007955,
      "scr_dir1_threshold_10": 0.2222214863626831,
      "scr_metric_threshold_10": 0.03194091319879672,
      "scr_dir2_threshold_10": 0.03194091319879672,
      "scr_dir1_threshold_20": 0.37036987979734426,
      "scr_metric_threshold_20": 0.04422591360958548,
      "scr_dir2_threshold_20": 0.04422591360958548,
      "scr_dir1_threshold_50": 0.29629678686932237,
      "scr_metric_threshold_50": 0.051596972435561446,
      "scr_dir2_threshold_50": 0.051596972435561446,
      "scr_dir1_threshold_100": 0.29629678686932237,
      "scr_metric_threshold_100": 0.06879606087991978,
      "scr_dir2_threshold_100": 0.06879606087991978,
      "scr_dir1_threshold_500": 0.18518493989867213,
      "scr_metric_threshold_500": 0.08845197366792773,
      "scr_dir2_threshold_500": 0.08845197366792773
    },
    {
      "dataset_name": "LabHC/bias_in_bios_class_set1_scr_attorney_teacher_results",
      "scr_dir1_threshold_2": 0.010752550341893544,
      "scr_metric_threshold_2": 0.021505260911335842,
      "scr_dir2_threshold_2": 0.021505260911335842,
      "scr_dir1_threshold_5": 0.07526849330344983,
      "scr_metric_threshold_5": 0.021505260911335842,
      "scr_dir2_threshold_5": 0.021505260911335842,
      "scr_dir1_threshold_10": 0.12903188592311257,
      "scr_metric_threshold_10": 0.03763440687927367,
      "scr_dir2_threshold_10": 0.03763440687927367,
      "scr_dir1_threshold_20": 0.10752678523932548,
      "scr_metric_threshold_20": 0.0833332265149675,
      "scr_dir2_threshold_20": 0.0833332265149675,
      "scr_dir1_threshold_50": 0.15053762751709468,
      "scr_metric_threshold_50": 0.08870966191346302,
      "scr_dir2_threshold_50": 0.08870966191346302,
      "scr_dir1_threshold_100": 0.16129017785898822,
      "scr_metric_threshold_100": 0.11559135822329439,
      "scr_dir2_threshold_100": 0.11559135822329439,
      "scr_dir1_threshold_500": -0.032258291935875656,
      "scr_metric_threshold_500": 0.18279559899787282,
      "scr_dir2_threshold_500": 0.18279559899787282
    },
    {
      "dataset_name": "canrager/amazon_reviews_mcauley_1and5_scr_Books_CDs_and_Vinyl_results",
      "scr_dir1_threshold_2": 0.006992916634363452,
      "scr_metric_threshold_2": 0.05439334822202354,
      "scr_dir2_threshold_2": 0.05439334822202354,
      "scr_dir1_threshold_5": 0.006992916634363452,
      "scr_metric_threshold_5": 0.07112978224355353,
      "scr_dir2_threshold_5": 0.07112978224355353,
      "scr_dir1_threshold_10": 0.034964999987495526,