{
  "eval_type_id": "scr",
  "eval_config": {
    "random_seed": 42,
    "dataset_names": [
      "LabHC/bias_in_bios_class_set1",
      "canrager/amazon_reviews_mcauley_1and5"
    ],
    "perform_scr": true,
    "early_stopping_patience": 20,
    "train_set_size": 4000,
    "test_set_size": 1000,
    "context_length": 128,
    "probe_train_batch_size": 16,
    "probe_test_batch_size": 500,
    "probe_epochs": 20,
    "probe_lr": 0.001,
    "probe_l1_penalty": 0.001,
    "sae_batch_size": 125,
    "llm_batch_size": 1,
    "llm_dtype": "torch.bfloat16",
    "lower_vram_usage": false,
    "model_name": "google/gemma-2-2b",
    "n_values": [
      2,
      5,
      10,
      20,
      50,
      100,
      500
    ],
    "column1_vals_lookup": {
      "LabHC/bias_in_bios_class_set1": [
        [
          "professor",
          "nurse"
        ],
        [
          "architect",
          "journalist"
        ],
        [
          "surgeon",
          "psychologist"
        ],
        [
          "attorney",
          "teacher"
        ]
      ],
      "canrager/amazon_reviews_mcauley_1and5": [
        [
          "Books",
          "CDs_and_Vinyl"
        ],
        [
          "Software",
          "Electronics"
        ],
        [
          "Pet_Supplies",
          "Office_Products"
        ],
        [
          "Industrial_and_Scientific",
          "Toys_and_Games"
        ]
      ]
    }
  },
  "eval_id": "53366168-1f46-4881-b5ae-5ad9da356da9",
  "datetime_epoch_millis": 1766900260553,
  "eval_result_metrics": {
    "scr_metrics": {
      "scr_dir1_threshold_2": 0.04058488030553618,
      "scr_metric_threshold_2": 0.013991013787172924,
      "scr_dir2_threshold_2": 0.013991013787172924,
      "scr_dir1_threshold_5": -0.7685398772845767,
      "scr_metric_threshold_5": 0.05324270598712267,
      "scr_dir2_threshold_5": 0.05324270598712267,
      "scr_dir1_threshold_10": -1.3751695238321913,
      "scr_metric_threshold_10": 0.10588251345562627,
      "scr_dir2_threshold_10": 0.10588251345562627,
      "scr_dir1_threshold_20": -3.9977618902469376,
      "scr_metric_threshold_20": 0.06657182218894082,
      "scr_dir2_threshold_20": 0.06657182218894082,
      "scr_dir1_threshold_50": -4.81551491207935,
      "scr_metric_threshold_50": -0.11831731601538663,
      "scr_dir2_threshold_50": -0.11831731601538663,
      "scr_dir1_threshold_100": -5.5502183846143796,
      "scr_metric_threshold_100": -0.03662001847024052,
      "scr_dir2_threshold_100": -0.03662001847024052,
      "scr_dir1_threshold_500": -4.239817184334946,
      "scr_metric_threshold_500": -0.13376694158528996,
      "scr_dir2_threshold_500": -0.13376694158528996
    }
  },
  "eval_result_details": [
    {
      "dataset_name": "LabHC/bias_in_bios_class_set1_scr_professor_nurse_results",
      "scr_dir1_threshold_2": 0.2333340618337946,
      "scr_metric_threshold_2": 0.08235300057486925,
      "scr_dir2_threshold_2": 0.08235300057486925,
      "scr_dir1_threshold_5": -1.633330485558803,
      "scr_metric_threshold_5": 0.12470581602472934,
      "scr_dir2_threshold_5": 0.12470581602472934,
      "scr_dir1_threshold_10": 0.3333346578796266,
      "scr_metric_threshold_10": 0.1458822938727689,
      "scr_dir2_threshold_10": 0.1458822938727689,
      "scr_dir1_threshold_20": -10.166656401432894,
      "scr_metric_threshold_20": 0.18352942793426996,
      "scr_dir2_threshold_20": 0.18352942793426996,
      "scr_dir1_threshold_50": -10.89998748303753,
      "scr_metric_threshold_50": -0.07529412787678304,
      "scr_dir2_threshold_50": -0.07529412787678304,
      "scr_dir1_threshold_100": -14.466652229112071,
      "scr_metric_threshold_100": 0.20470590578230954,
      "scr_dir2_threshold_100": 0.20470590578230954,
      "scr_dir1_threshold_500": -14.466652229112071,
      "scr_metric_threshold_500": -0.13647065060361271,
      "scr_dir2_threshold_500": -0.13647065060361271
    },
    {
      "dataset_name": "LabHC/bias_in_bios_class_set1_scr_architect_journalist_results",
      "scr_dir1_threshold_2": 0.06849307239023562,
      "scr_metric_threshold_2": 0.005249276491880079,
      "scr_dir2_threshold_2": 0.005249276491880079,
      "scr_dir1_threshold_5": -1.0136984511776814,
      "scr_metric_threshold_5": 0.055118028935318635,
      "scr_dir2_threshold_5": 0.055118028935318635,
      "scr_dir1_threshold_10": -0.6164376515121206,
      "scr_metric_threshold_10": 0.055118028935318635,
      "scr_dir2_threshold_10": 0.055118028935318635,
      "scr_dir1_threshold_20": -2.027396902355363,
      "scr_metric_threshold_20": -0.22572186156108795,
      "scr_dir2_threshold_20": -0.22572186156108795,
      "scr_dir1_threshold_50": -5.136985328278643,
      "scr_metric_threshold_50": -0.2677166992667064,
      "scr_dir2_threshold_50": -0.2677166992667064,
      "scr_dir1_threshold_100": -5.123286877100961,
      "scr_metric_threshold_100": -0.2677166992667064,
      "scr_dir2_threshold_100": -0.2677166992667064,
      "scr_dir1_threshold_500": 0.3698630808083695,
      "scr_metric_threshold_500": -0.2677166992667064,
      "scr_dir2_threshold_500": -0.2677166992667064
    },
    {
      "dataset_name": "LabHC/bias_in_bios_class_set1_scr_surgeon_psychologist_results",
      "scr_dir1_threshold_2": 0.29629678686932237,
      "scr_metric_threshold_2": 0.01474197120319516,
      "scr_dir2_threshold_2": 0.01474197120319516,
      "scr_dir1_threshold_5": -1.074073092928022,
      "scr_metric_threshold_5": 0.03685500123236629,
      "scr_dir2_threshold_5": 0.03685500123236629,
      "scr_dir1_threshold_10": -5.70370100555206,
      "scr_metric_threshold_10": 0.11547909173066843,
      "scr_dir2_threshold_10": 0.11547909173066843,
      "scr_dir1_threshold_20": -13.925922491914744,
      "scr_metric_threshold_20": 0.17444712299220586,
      "scr_dir2_threshold_20": 0.17444712299220586,
      "scr_dir1_threshold_50": -14.037032131306777,
      "scr_metric_threshold_50": 0.14742015137822193,
      "scr_dir2_threshold_50": 0.14742015137822193,
      "scr_dir1_threshold_100": -16.148143978277428,
      "scr_metric_threshold_100": -0.12776423859021396,
      "scr_dir2_threshold_100": -0.12776423859021396,
      "scr_dir1_threshold_500": -16.148143978277428,
      "scr_metric_threshold_500": 0.33906621636602935,
      "scr_dir2_threshold_500": 0.33906621636602935
    },
    {
      "dataset_name": "LabHC/bias_in_bios_class_set1_scr_attorney_teacher_results",
      "scr_dir1_threshold_2": 0.13978507717520114,
      "scr_metric_threshold_2": -0.02956999412285351,
      "scr_dir2_threshold_2": -0.02956999412285351,
      "scr_dir1_threshold_5": -1.8387098221410119,
      "scr_metric_threshold_5": -0.008064572983968914,
      "scr_dir2_threshold_5": -0.008064572983968914,
      "scr_dir1_threshold_10": -3.430107781867497,
      "scr_metric_threshold_10": -0.005376435398495527,
      "scr_dir2_threshold_10": -0.005376435398495527,
      "scr_dir1_threshold_20": -3.978494899316213,
      "scr_metric_threshold_20": -0.19623660738033727,
      "scr_dir2_threshold_20": -0.19623660738033727,
      "scr_dir1_threshold_50": -3.9892480905683017,
      "scr_metric_threshold_50": -0.3252689739860961,
      "scr_dir2_threshold_50": -0.3252689739860961,
      "scr_dir1_threshold_100": -3.9892480905683017,
      "scr_metric_threshold_100": -0.27419355872435797,
      "scr_dir2_threshold_100": -0.27419355872435797,
      "scr_dir1_threshold_500": -3.9892480905683017,
      "scr_metric_threshold_500": -0.298387117448716,
      "scr_dir2_threshold_500": -0.298387117448716
    },
    {
      "dataset_name": "canrager/amazon_reviews_mcauley_1and5_scr_Books_CDs_and_Vinyl_results",
      "scr_dir1_threshold_2": -0.25874124999687387,
      "scr_metric_threshold_2": 0.05439334822202354,
      "scr_dir2_threshold_2": 0.05439334822202354,
      "scr_dir1_threshold_5": 0.2447549999124687,
      "scr_metric_threshold_5": 0.058577394379457096,
      "scr_dir2_threshold_5": 0.058577394379457096,