{
  "eval_type_id": "scr",
  "eval_config": {
    "random_seed": 42,
    "dataset_names": [
      "LabHC/bias_in_bios_class_set1",
      "canrager/amazon_reviews_mcauley_1and5"
    ],
    "perform_scr": true,
    "early_stopping_patience": 20,
    "train_set_size": 4000,
    "test_set_size": 1000,
    "context_length": 128,
    "probe_train_batch_size": 16,
    "probe_test_batch_size": 500,
    "probe_epochs": 20,
    "probe_lr": 0.001,
    "probe_l1_penalty": 0.001,
    "sae_batch_size": 125,
    "llm_batch_size": 1,
    "llm_dtype": "torch.bfloat16",
    "lower_vram_usage": false,
    "model_name": "google/gemma-2-2b",
    "n_values": [
      2,
      5,
      10,
      20,
      50,
      100,
      500
    ],
    "column1_vals_lookup": {
      "LabHC/bias_in_bios_class_set1": [
        [
          "professor",
          "nurse"
        ],
        [
          "architect",
          "journalist"
        ],
        [
          "surgeon",
          "psychologist"
        ],
        [
          "attorney",
          "teacher"
        ]
      ],
      "canrager/amazon_reviews_mcauley_1and5": [
        [
          "Books",
          "CDs_and_Vinyl"
        ],
        [
          "Software",
          "Electronics"
        ],
        [
          "Pet_Supplies",
          "Office_Products"
        ],
        [
          "Industrial_and_Scientific",
          "Toys_and_Games"
        ]
      ]
    }
  },
  "eval_id": "6c1d9b1c-4f2a-4309-954e-2f01ce9d658b",
  "datetime_epoch_millis": 1763384497008,
  "eval_result_metrics": {
    "scr_metrics": {
      "scr_dir1_threshold_2": 0.10656035918893657,
      "scr_metric_threshold_2": 0.047631733504827085,
      "scr_dir2_threshold_2": 0.047631733504827085,
      "scr_dir1_threshold_5": 0.27953282154732706,
      "scr_metric_threshold_5": 0.09634544334522911,
      "scr_dir2_threshold_5": 0.09634544334522911,
      "scr_dir1_threshold_10": 0.3041836109010001,
      "scr_metric_threshold_10": 0.1613353407690435,
      "scr_dir2_threshold_10": 0.1613353407690435,
      "scr_dir1_threshold_20": 0.30960238208349294,
      "scr_metric_threshold_20": 0.21929777815408585,
      "scr_dir2_threshold_20": 0.21929777815408585,
      "scr_dir1_threshold_50": 0.2954094719853658,
      "scr_metric_threshold_50": 0.29972743640476507,
      "scr_dir2_threshold_50": 0.29972743640476507,
      "scr_dir1_threshold_100": 0.29196962939129284,
      "scr_metric_threshold_100": 0.3660549587964725,
      "scr_dir2_threshold_100": 0.3660549587964725,
      "scr_dir1_threshold_500": 0.2295372432136866,
      "scr_metric_threshold_500": 0.45575374738503427,
      "scr_dir2_threshold_500": 0.45575374738503427
    }
  },
  "eval_result_details": [
    {
      "dataset_name": "LabHC/bias_in_bios_class_set1_scr_professor_nurse_results",
      "scr_dir1_threshold_2": 0.23214283813629227,
      "scr_metric_threshold_2": 0.01694907915872299,
      "scr_dir2_threshold_2": 0.01694907915872299,
      "scr_dir1_threshold_5": 0.5714281152710146,
      "scr_metric_threshold_5": 0.02663432910135532,
      "scr_dir2_threshold_5": 0.02663432910135532,
      "scr_dir1_threshold_10": 0.5535712194992151,
      "scr_metric_threshold_10": 0.04116227617589288,
      "scr_dir2_threshold_10": 0.04116227617589288,
      "scr_dir1_threshold_20": 0.624999866954046,
      "scr_metric_threshold_20": 0.058111355334615866,
      "scr_dir2_threshold_20": 0.058111355334615866,
      "scr_dir1_threshold_50": 0.5892860754104468,
      "scr_metric_threshold_50": 0.12348668420650051,
      "scr_dir2_threshold_50": 0.12348668420650051,
      "scr_dir1_threshold_100": 0.48214257204438415,
      "scr_metric_threshold_100": 0.1622275396558517,
      "scr_dir2_threshold_100": 0.1622275396558517,
      "scr_dir1_threshold_500": 0.39285702881775364,
      "scr_metric_threshold_500": 0.19612598661565395,
      "scr_dir2_threshold_500": 0.19612598661565395
    },
    {
      "dataset_name": "LabHC/bias_in_bios_class_set1_scr_architect_journalist_results",
      "scr_dir1_threshold_2": 0.1759259003752334,
      "scr_metric_threshold_2": 0.05780358272133779,
      "scr_dir2_threshold_2": 0.05780358272133779,
      "scr_dir1_threshold_5": 0.4537034635271938,
      "scr_metric_threshold_5": 0.15895955101511355,
      "scr_dir2_threshold_5": 0.15895955101511355,
      "scr_dir1_threshold_10": 0.4351851800750467,
      "scr_metric_threshold_10": 0.23121398634984788,
      "scr_dir2_threshold_10": 0.23121398634984788,
      "scr_dir1_threshold_20": 0.3796297778236464,
      "scr_metric_threshold_20": 0.28612726073430506,
      "scr_dir2_threshold_20": 0.28612726073430506,
      "scr_dir1_threshold_50": 0.26851842142588683,
      "scr_metric_threshold_50": 0.41329479818574494,
      "scr_dir2_threshold_50": 0.41329479818574494,
      "scr_dir1_threshold_100": 0.3518518007504668,
      "scr_metric_threshold_100": 0.554913360518333,
      "scr_dir2_threshold_100": 0.554913360518333,
      "scr_dir1_threshold_500": 0.18518504210130693,
      "scr_metric_threshold_500": 0.4248555147300125,
      "scr_dir2_threshold_500": 0.4248555147300125
    },
    {
      "dataset_name": "LabHC/bias_in_bios_class_set1_scr_surgeon_psychologist_results",
      "scr_dir1_threshold_2": 0.3559325800924579,
      "scr_metric_threshold_2": 0.015037697318986392,
      "scr_dir2_threshold_2": 0.015037697318986392,
      "scr_dir1_threshold_5": 0.6440684301554974,
      "scr_metric_threshold_5": 0.07769427153124164,
      "scr_dir2_threshold_5": 0.07769427153124164,
      "scr_dir1_threshold_10": 0.7457630200756473,
      "scr_metric_threshold_10": 0.17042609099641326,
      "scr_dir2_threshold_10": 0.17042609099641326,
      "scr_dir1_threshold_20": 0.7118641499369606,
      "scr_metric_threshold_20": 0.23558904768520386,
      "scr_dir2_threshold_20": 0.23558904768520386,
      "scr_dir1_threshold_50": 0.6101695600168106,
      "scr_metric_threshold_50": 0.26065167737010597,
      "scr_dir2_threshold_50": 0.26065167737010597,
      "scr_dir1_threshold_100": 0.5932206300714448,
      "scr_metric_threshold_100": 0.3308271002418544,
      "scr_dir2_threshold_100": 0.3308271002418544,
      "scr_dir1_threshold_500": 0.5084749700966605,
      "scr_metric_threshold_500": 0.2380952807766828,
      "scr_dir2_threshold_500": 0.2380952807766828
    },
    {
      "dataset_name": "LabHC/bias_in_bios_class_set1_scr_attorney_teacher_results",
      "scr_dir1_threshold_2": -0.14615380383101992,
      "scr_metric_threshold_2": 0.06567167843813786,
      "scr_dir2_threshold_2": 0.06567167843813786,
      "scr_dir1_threshold_5": 0.19230751596258294,
      "scr_metric_threshold_5": 0.11343296382016267,
      "scr_dir2_threshold_5": 0.11343296382016267,
      "scr_dir1_threshold_10": 0.17692309808449005,
      "scr_metric_threshold_10": 0.19701503531441358,
      "scr_dir2_threshold_10": 0.19701503531441358,
      "scr_dir1_threshold_20": 0.11538450957754977,
      "scr_metric_threshold_20": 0.24477614277214588,
      "scr_dir2_threshold_20": 0.24477614277214588,
      "scr_dir1_threshold_50": 0.20000018339891373,
      "scr_metric_threshold_50": 0.31641789292089056,
      "scr_dir2_threshold_50": 0.31641789292089056,
      "scr_dir1_threshold_100": 0.22307681021605308,
      "scr_metric_threshold_100": 0.3880596430696353,
      "scr_dir2_threshold_100": 0.3880596430696353,
      "scr_dir1_threshold_500": 0.015384417878092908,
      "scr_metric_threshold_500": 0.7164178573360321,
      "scr_dir2_threshold_500": 0.7164178573360321
    },
    {
      "dataset_name": "canrager/amazon_reviews_mcauley_1and5_scr_Books_CDs_and_Vinyl_results",
      "scr_dir1_threshold_2": -0.040000286102340396,
      "scr_metric_threshold_2": 0.09594103407669775,
      "scr_dir2_threshold_2": 0.09594103407669775,
      "scr_dir1_threshold_5": -0.020000143051170198,
      "scr_metric_threshold_5": 0.14391155111504664,
      "scr_dir2_threshold_5": 0.14391155111504664,
      "scr_dir1_threshold_10": 0.026666327582411383,