{
  "eval_type_id": "scr",
  "eval_config": {
    "random_seed": 42,
    "dataset_names": [
      "LabHC/bias_in_bios_class_set1",
      "canrager/amazon_reviews_mcauley_1and5"
    ],
    "perform_scr": true,
    "early_stopping_patience": 20,
    "train_set_size": 4000,
    "test_set_size": 1000,
    "context_length": 128,
    "probe_train_batch_size": 16,
    "probe_test_batch_size": 500,
    "probe_epochs": 20,
    "probe_lr": 0.001,
    "probe_l1_penalty": 0.001,
    "sae_batch_size": 125,
    "llm_batch_size": 1,
    "llm_dtype": "torch.bfloat16",
    "lower_vram_usage": false,
    "model_name": "google/gemma-2-2b",
    "n_values": [
      2,
      5,
      10,
      20,
      50,
      100,
      500
    ],
    "column1_vals_lookup": {
      "LabHC/bias_in_bios_class_set1": [
        [
          "professor",
          "nurse"
        ],
        [
          "architect",
          "journalist"
        ],
        [
          "surgeon",
          "psychologist"
        ],
        [
          "attorney",
          "teacher"
        ]
      ],
      "canrager/amazon_reviews_mcauley_1and5": [
        [
          "Books",
          "CDs_and_Vinyl"
        ],
        [
          "Software",
          "Electronics"
        ],
        [
          "Pet_Supplies",
          "Office_Products"
        ],
        [
          "Industrial_and_Scientific",
          "Toys_and_Games"
        ]
      ]
    }
  },
  "eval_id": "029a25b2-326a-46f3-9842-89477d706dbd",
  "datetime_epoch_millis": 1763381874078,
  "eval_result_metrics": {
    "scr_metrics": {
      "scr_dir1_threshold_2": 0.3233197932996826,
      "scr_metric_threshold_2": 0.04301964307796927,
      "scr_dir2_threshold_2": 0.04301964307796927,
      "scr_dir1_threshold_5": 0.2128571924650168,
      "scr_metric_threshold_5": 0.08486883392399977,
      "scr_dir2_threshold_5": 0.08486883392399977,
      "scr_dir1_threshold_10": -0.04748123939258225,
      "scr_metric_threshold_10": 0.12094299504246708,
      "scr_dir2_threshold_10": 0.12094299504246708,
      "scr_dir1_threshold_20": -0.5240347722091826,
      "scr_metric_threshold_20": 0.18776041162424403,
      "scr_dir2_threshold_20": 0.18776041162424403,
      "scr_dir1_threshold_50": -1.0863555601582622,
      "scr_metric_threshold_50": 0.13786505399315194,
      "scr_dir2_threshold_50": 0.13786505399315194,
      "scr_dir1_threshold_100": -0.9154192929076641,
      "scr_metric_threshold_100": 0.08729114958062789,
      "scr_dir2_threshold_100": 0.08729114958062789,
      "scr_dir1_threshold_500": -1.7758965417475323,
      "scr_metric_threshold_500": -0.1599231709698877,
      "scr_dir2_threshold_500": -0.1599231709698877
    }
  },
  "eval_result_details": [
    {
      "dataset_name": "LabHC/bias_in_bios_class_set1_scr_professor_nurse_results",
      "scr_dir1_threshold_2": 0.5357143237274155,
      "scr_metric_threshold_2": 0.02663432910135532,
      "scr_dir2_threshold_2": 0.02663432910135532,
      "scr_dir1_threshold_5": 0.6428567627258455,
      "scr_metric_threshold_5": 0.02663432910135532,
      "scr_dir2_threshold_5": 0.02663432910135532,
      "scr_dir1_threshold_10": 0.446428780500785,
      "scr_metric_threshold_10": 0.058111355334615866,
      "scr_dir2_threshold_10": 0.058111355334615866,
      "scr_dir1_threshold_20": 0.5178574279556158,
      "scr_metric_threshold_20": 0.19370456588911228,
      "scr_dir2_threshold_20": 0.19370456588911228,
      "scr_dir1_threshold_50": 0.5892860754104468,
      "scr_metric_threshold_50": 0.28571436818353035,
      "scr_dir2_threshold_50": 0.28571436818353035,
      "scr_dir1_threshold_100": 0.6964285144088769,
      "scr_metric_threshold_100": 0.322033947227518,
      "scr_dir2_threshold_100": 0.322033947227518,
      "scr_dir1_threshold_500": -3.1607109975785637,
      "scr_metric_threshold_500": 0.12348668420650051,
      "scr_dir2_threshold_500": 0.12348668420650051
    },
    {
      "dataset_name": "LabHC/bias_in_bios_class_set1_scr_architect_journalist_results",
      "scr_dir1_threshold_2": 0.7037036015009336,
      "scr_metric_threshold_2": 0.07803470747299229,
      "scr_dir2_threshold_2": 0.07803470747299229,
      "scr_dir1_threshold_5": 0.32407382367728715,
      "scr_metric_threshold_5": 0.11560699317492394,
      "scr_dir2_threshold_5": 0.11560699317492394,
      "scr_dir1_threshold_10": 0.4999997240525205,
      "scr_metric_threshold_10": 0.13583811792657846,
      "scr_dir2_threshold_10": 0.13583811792657846,
      "scr_dir1_threshold_20": 0.7407407203001867,
      "scr_metric_threshold_20": 0.15895955101511355,
      "scr_dir2_threshold_20": 0.15895955101511355,
      "scr_dir1_threshold_50": -1.2685189733208457,
      "scr_metric_threshold_50": -0.3670519320086747,
      "scr_dir2_threshold_50": -0.3670519320086747,
      "scr_dir1_threshold_100": 0.8333332413508402,
      "scr_metric_threshold_100": -0.41907507032400293,
      "scr_dir2_threshold_100": -0.41907507032400293,
      "scr_dir1_threshold_500": -0.36111149437149925,
      "scr_metric_threshold_500": -0.2543352471706314,
      "scr_dir2_threshold_500": -0.2543352471706314
    },
    {
      "dataset_name": "LabHC/bias_in_bios_class_set1_scr_surgeon_psychologist_results",
      "scr_dir1_threshold_2": 0.7457630200756473,
      "scr_metric_threshold_2": 0.020050163501944246,
      "scr_dir2_threshold_2": 0.020050163501944246,
      "scr_dir1_threshold_5": -0.4237282998739211,
      "scr_metric_threshold_5": 0.06766918978026952,
      "scr_dir2_threshold_5": 0.06766918978026952,
      "scr_dir1_threshold_10": -1.881355469886529,
      "scr_metric_threshold_10": 0.11779459853513014,
      "scr_dir2_threshold_10": 0.11779459853513014,
      "scr_dir1_threshold_20": -4.610168549768855,
      "scr_metric_threshold_20": 0.0902255863736927,
      "scr_dir2_threshold_20": 0.0902255863736927,
      "scr_dir1_threshold_50": -5.6101675395209,
      "scr_metric_threshold_50": 0.12030083162660907,
      "scr_dir2_threshold_50": 0.12030083162660907,
      "scr_dir1_threshold_100": -5.067795719781463,
      "scr_metric_threshold_100": 0.14285722822003225,
      "scr_dir2_threshold_100": 0.14285722822003225,
      "scr_dir1_threshold_500": -6.949151189667992,
      "scr_metric_threshold_500": 0.032581478344395294,
      "scr_dir2_threshold_500": 0.032581478344395294
    },
    {
      "dataset_name": "LabHC/bias_in_bios_class_set1_scr_attorney_teacher_results",
      "scr_dir1_threshold_2": 0.39999990830054316,
      "scr_metric_threshold_2": 0.04477624952672138,
      "scr_dir2_threshold_2": 0.04477624952672138,
      "scr_dir1_threshold_5": 0.46153849680748343,
      "scr_metric_threshold_5": 0.12238807138607294,
      "scr_dir2_threshold_5": 0.12238807138607294,
      "scr_dir1_threshold_10": 0.4153847846759204,
      "scr_metric_threshold_10": 0.06865671429344128,
      "scr_dir2_threshold_10": 0.06865671429344128,
      "scr_dir1_threshold_20": -1.17692309808449,
      "scr_metric_threshold_20": 0.2537314282623487,
      "scr_dir2_threshold_20": 0.2537314282623487,
      "scr_dir1_threshold_50": -2.569231255943271,
      "scr_metric_threshold_50": 0.02686567854631583,
      "scr_dir2_threshold_50": 0.02686567854631583,
      "scr_dir1_threshold_100": -2.146154262328304,
      "scr_metric_threshold_100": -0.46567164285327933,
      "scr_dir2_threshold_100": -0.46567164285327933,
      "scr_dir1_threshold_500": -2.4692311642438143,
      "scr_metric_threshold_500": -0.43582075052736763,
      "scr_dir2_threshold_500": -0.43582075052736763
    },
    {
      "dataset_name": "canrager/amazon_reviews_mcauley_1and5_scr_Books_CDs_and_Vinyl_results",
      "scr_dir1_threshold_2": -0.040000286102340396,
      "scr_metric_threshold_2": 0.08487084708528918,
      "scr_dir2_threshold_2": 0.08487084708528918,
      "scr_dir1_threshold_5": 0.19999984105425533,
      "scr_metric_threshold_5": 0.10332123205207554,
      "scr_dir2_threshold_5": 0.10332123205207554,
      "scr_dir1_threshold_10": 0.4066666613684752,