,core,absorption_fraction,absorption_full,ravel,autointerp,scr,sparse_probing,tpp,unlearning
fvu_only,0.9983739837398374,0.9309646358880423,0.9935655287052545,0.5941483632029276,0.8140162229537964,0.06283585500206235,0.71628125,0.25232501327991486,0.15463918447494507
100fvu_hsic,1.0,0.8782868870466303,0.999380992493132,0.6500105388538496,0.8294460773468018,0.10456338632807399,0.771,0.03179999440908432,0.6185567080974579
10fvu_nce,0.9934959349593496,0.7353579406809378,0.9096994800208124,0.6207615836780145,0.7844387292861938,0.14143529811880862,0.7736124999999999,0.028700000047683714,0.4020618796348572
100fvu_cos_no_eyes,0.9983739837398374,0.8129300485083762,0.9753952848259354,0.6133480126319697,0.7793367505073547,0.060215399414582704,0.71870625,0.014499993622303009,0.020618557929992676
